-- MySQL dump 10.13  Distrib 8.0.33, for Win64 (x86_64)
--
-- Host: localhost    Database: gestoredu_bga
-- ------------------------------------------------------
-- Server version	8.0.42

/*!40101 SET @OLD_CHARACTER_SET_CLIENT=@@CHARACTER_SET_CLIENT */;
/*!40101 SET @OLD_CHARACTER_SET_RESULTS=@@CHARACTER_SET_RESULTS */;
/*!40101 SET @OLD_COLLATION_CONNECTION=@@COLLATION_CONNECTION */;
/*!50503 SET NAMES utf8mb4 */;
/*!40103 SET @OLD_TIME_ZONE=@@TIME_ZONE */;
/*!40103 SET TIME_ZONE='+00:00' */;
/*!40014 SET @OLD_UNIQUE_CHECKS=@@UNIQUE_CHECKS, UNIQUE_CHECKS=0 */;
/*!40014 SET @OLD_FOREIGN_KEY_CHECKS=@@FOREIGN_KEY_CHECKS, FOREIGN_KEY_CHECKS=0 */;
/*!40101 SET @OLD_SQL_MODE=@@SQL_MODE, SQL_MODE='NO_AUTO_VALUE_ON_ZERO' */;
/*!40111 SET @OLD_SQL_NOTES=@@SQL_NOTES, SQL_NOTES=0 */;

--
-- Table structure for table `atribuicao`
--

DROP TABLE IF EXISTS `atribuicao`;
/*!40101 SET @saved_cs_client     = @@character_set_client */;
/*!50503 SET character_set_client = utf8mb4 */;
CREATE TABLE `atribuicao` (
  `id` int NOT NULL AUTO_INCREMENT,
  `cod_usuario` int NOT NULL,
  `cod_sala` int NOT NULL,
  `cod_disciplina` int NOT NULL,
  PRIMARY KEY (`id`)
) ENGINE=InnoDB AUTO_INCREMENT=3 DEFAULT CHARSET=utf8mb3 COLLATE=utf8mb3_swedish_ci;
/*!40101 SET character_set_client = @saved_cs_client */;

--
-- Dumping data for table `atribuicao`
--

/*!40000 ALTER TABLE `atribuicao` DISABLE KEYS */;
/*!40000 ALTER TABLE `atribuicao` ENABLE KEYS */;

--
-- Table structure for table `certificado`
--

DROP TABLE IF EXISTS `certificado`;
/*!40101 SET @saved_cs_client     = @@character_set_client */;
/*!50503 SET character_set_client = utf8mb4 */;
CREATE TABLE `certificado` (
  `id` int NOT NULL AUTO_INCREMENT,
  `nome` varchar(255) CHARACTER SET utf8mb3 COLLATE utf8mb3_swedish_ci DEFAULT NULL,
  `conteudo` text CHARACTER SET utf8mb3 COLLATE utf8mb3_swedish_ci NOT NULL,
  `tamanho_letra` int NOT NULL,
  `cod_sala` int NOT NULL,
  `cod_disciplina` int NOT NULL,
  PRIMARY KEY (`id`)
) ENGINE=InnoDB AUTO_INCREMENT=14 DEFAULT CHARSET=utf8mb3 COLLATE=utf8mb3_swedish_ci;
/*!40101 SET character_set_client = @saved_cs_client */;

--
-- Dumping data for table `certificado`
--

/*!40000 ALTER TABLE `certificado` DISABLE KEYS */;
INSERT INTO `certificado` VALUES (1,NULL,'Certificamos que %nome% participou do evento Jornada à Pós-Graduação realizado em 18/09/2024 e 19/09/2024, na cidade de Botucatu, contabilizando carga horária total de 16 horas.',90,2,2),(2,'COMISSÃO Jornada à Pós-Graduação','Certificamos que %nome% participou da comissão organizadora do evento Jornada à Pós-Graduação realizado em 18/09/2024 e 19/09/2024, na cidade de Botucatu, contabilizando carga horária total de 30 horas.',85,2,3),(3,'COMISSÃO simpósio da BGA 2024','Certifico que %nome% participou do Simpósio Anual do Programa de Pós Graduação em Biologia Geral e Aplicada, do Instituto de Biociências de Botucatu – UNESP, realizado entre os dias 20 e 21/05/2024 em Botucatu, São Paulo, na qualidade de membro da comissão organizadora, com carga horária de 30 horas.',60,0,0),(4,'COMISSÃO simpósio BGA 2025','Certifico que %nome% participou do Simpósio Anual do Programa de Pós Graduação em Biologia Geral e Aplicada, do Instituto de Biociências de Botucatu – UNESP, realizado entre os dias 19 e 20/05/2025 em Botucatu, São Paulo, na qualidade de membro da comissão organizadora, com carga horária de 30 horas.',60,0,0),(5,'PARTICIPANTE simpósio BGA 2025','Certifico que %nome% participou do Simpósio Anual do Programa de Pós Graduação em Biologia Geral e Aplicada, do Instituto de Biociências de Botucatu - UNESP, realizado entre os dias 19 e 20/05/2025 em Botucatu, São Paulo, na qualidade de ouvinte, com carga horária de 16 horas.',60,0,0),(6,'AVALIADOR Simpósio BGA 2025','Certifico que %nome% participou do Simpósio Anual do Programa de Pós Graduação em Biologia Geral e Aplicada, do Instituto de Biociências de Botucatu - UNESP, realizado entre os dias 19 e 20/05/2025 em Botucatu, São Paulo, na qualidade de AVALIADOR.',60,0,0),(7,'PALESTRANTE mesa BGA 2025','Certifico que %nome% participou como membro da mesa-redonda intitulada \"Defendi, e agora?\", realizada durante o Simpósio Anual do Programa de Pós-Graduação em Biologia Geral e Aplicada do Instituto de Biociências de Botucatu – UNESP, ocorrido nos dias 19 e 20 de maio de 2025, em Botucatu, São Paulo.',60,0,0),(8,'PALESTRANTE abertura BGA 2025','Certifico que %nome% ministrou uma sessão de alongamento durante a abertura do Simpósio Anual do Programa de Pós-Graduação em Biologia Geral e Aplicada, realizado pelo Instituto de Biociências de Botucatu – UNESP, nos dias 19 e 20 de maio de 2025, em Botucatu, São Paulo.',60,0,0),(9,'COMISSÃO BGA 2025 - aluno','Certifico que %nome% participou do Simpósio Anual do Programa de Pós Graduação em Biologia Geral e Aplicada, do Instituto de Biociências de Botucatu – UNESP, realizado entre os dias 19 e 20/05/2025 em Botucatu, São Paulo, na qualidade de membro da comissão organizadora, com carga horária de 30 horas.',60,0,0),(10,'COMISSÃO BGA 2025 - prof','Certifico que %nome% participou do Simpósio Anual do Programa de Pós Graduação em Biologia Geral e Aplicada, do Instituto de Biociências de Botucatu – UNESP, realizado entre os dias 19 e 20/05/2025 em Botucatu, São Paulo, na qualidade de membro da comissão organizadora.',60,0,0),(11,'APRESENTAÇÃO simpósio BGA 2025','Certifico que o trabalho intitulado: \"%projeto%\" de autoria de %nome% foi apresentado no Simpósio Anual do Programa de Pós-Graduação em Biologia Geral e Aplicada, realizado pelo Instituto de Biociências de Botucatu – UNESP, nos dias 19 e 20 de maio de 2025, em Botucatu, São Paulo.',60,3,1),(12,NULL,'Teste',10,3,5),(13,NULL,'A %nome% ganhou um premio pelo \"%projeto%\"',60,4,1);
/*!40000 ALTER TABLE `certificado` ENABLE KEYS */;

--
-- Table structure for table `configuracao`
--

DROP TABLE IF EXISTS `configuracao`;
/*!40101 SET @saved_cs_client     = @@character_set_client */;
/*!50503 SET character_set_client = utf8mb4 */;
CREATE TABLE `configuracao` (
  `id` int NOT NULL AUTO_INCREMENT,
  `chave` varchar(255) CHARACTER SET utf8mb3 COLLATE utf8mb3_swedish_ci NOT NULL,
  `valor` int NOT NULL,
  PRIMARY KEY (`id`)
) ENGINE=InnoDB AUTO_INCREMENT=16 DEFAULT CHARSET=utf8mb3 COLLATE=utf8mb3_swedish_ci;
/*!40101 SET character_set_client = @saved_cs_client */;

--
-- Dumping data for table `configuracao`
--

/*!40000 ALTER TABLE `configuracao` DISABLE KEYS */;
INSERT INTO `configuracao` VALUES (1,'tipo_frequencia',2),(2,'frequencia',1),(3,'aluno_nascimento',0),(4,'aluno_rg',0),(5,'aluno_cpf',0),(6,'aluno_endereco',0),(7,'aluno_telefone',0),(8,'professor_nascimento',0),(9,'professor_rg',0),(10,'professor_cpf',0),(11,'professor_endereco',0),(12,'professor_telefone',0),(13,'multi_chamada',1),(14,'aluno_trabalho',1),(15,'tamanho_letra_certificado',90);
/*!40000 ALTER TABLE `configuracao` ENABLE KEYS */;

--
-- Table structure for table `disciplina`
--

DROP TABLE IF EXISTS `disciplina`;
/*!40101 SET @saved_cs_client     = @@character_set_client */;
/*!50503 SET character_set_client = utf8mb4 */;
CREATE TABLE `disciplina` (
  `id` int NOT NULL AUTO_INCREMENT,
  `nome` varchar(255) CHARACTER SET utf8mb3 COLLATE utf8mb3_bin NOT NULL,
  PRIMARY KEY (`id`)
) ENGINE=InnoDB AUTO_INCREMENT=6 DEFAULT CHARSET=utf8mb3 COLLATE=utf8mb3_bin;
/*!40101 SET character_set_client = @saved_cs_client */;

--
-- Dumping data for table `disciplina`
--

/*!40000 ALTER TABLE `disciplina` DISABLE KEYS */;
INSERT INTO `disciplina` VALUES (1,'Apresentação'),(2,'Participante'),(3,'Comissão'),(4,'Avaliador'),(5,'Palestrante');
/*!40000 ALTER TABLE `disciplina` ENABLE KEYS */;

--
-- Table structure for table `grupo`
--

DROP TABLE IF EXISTS `grupo`;
/*!40101 SET @saved_cs_client     = @@character_set_client */;
/*!50503 SET character_set_client = utf8mb4 */;
CREATE TABLE `grupo` (
  `id` int NOT NULL AUTO_INCREMENT,
  `nome` varchar(255) CHARACTER SET utf8mb3 COLLATE utf8mb3_bin NOT NULL,
  PRIMARY KEY (`id`)
) ENGINE=InnoDB DEFAULT CHARSET=utf8mb3 COLLATE=utf8mb3_bin;
/*!40101 SET character_set_client = @saved_cs_client */;

--
-- Dumping data for table `grupo`
--

/*!40000 ALTER TABLE `grupo` DISABLE KEYS */;
/*!40000 ALTER TABLE `grupo` ENABLE KEYS */;

--
-- Table structure for table `horario`
--

DROP TABLE IF EXISTS `horario`;
/*!40101 SET @saved_cs_client     = @@character_set_client */;
/*!50503 SET character_set_client = utf8mb4 */;
CREATE TABLE `horario` (
  `id` int NOT NULL AUTO_INCREMENT,
  `cod_usuario` int NOT NULL,
  `cod_sala` int NOT NULL,
  `cod_disciplina` int NOT NULL,
  `dia_semana` int NOT NULL,
  `hora_inicio` time NOT NULL,
  `hora_fim` time NOT NULL,
  `cor` varchar(255) CHARACTER SET utf8mb3 COLLATE utf8mb3_swedish_ci NOT NULL,
  PRIMARY KEY (`id`)
) ENGINE=InnoDB AUTO_INCREMENT=13 DEFAULT CHARSET=utf8mb3 COLLATE=utf8mb3_swedish_ci;
/*!40101 SET character_set_client = @saved_cs_client */;

--
-- Dumping data for table `horario`
--

/*!40000 ALTER TABLE `horario` DISABLE KEYS */;
/*!40000 ALTER TABLE `horario` ENABLE KEYS */;

--
-- Table structure for table `presenca`
--

DROP TABLE IF EXISTS `presenca`;
/*!40101 SET @saved_cs_client     = @@character_set_client */;
/*!50503 SET character_set_client = utf8mb4 */;
CREATE TABLE `presenca` (
  `id` int NOT NULL AUTO_INCREMENT,
  `cod_usuario` int NOT NULL,
  `cod_grupo` int NOT NULL,
  `cod_disciplina` int DEFAULT NULL,
  `cod_sala` int DEFAULT NULL,
  `presente` enum('S','N','J') CHARACTER SET utf8mb3 COLLATE utf8mb3_bin NOT NULL,
  `data` date NOT NULL,
  PRIMARY KEY (`id`)
) ENGINE=InnoDB AUTO_INCREMENT=830 DEFAULT CHARSET=utf8mb3 COLLATE=utf8mb3_bin;
/*!40101 SET character_set_client = @saved_cs_client */;

--
-- Dumping data for table `presenca`
--

/*!40000 ALTER TABLE `presenca` DISABLE KEYS */;
INSERT INTO `presenca` VALUES (1,2,1,2,1,'S','2024-05-20'),(2,77,1,2,1,'S','2024-05-20'),(3,68,1,2,1,'S','2024-05-20'),(4,62,1,2,1,'S','2024-05-20'),(5,37,1,2,1,'S','2024-05-20'),(6,11,1,2,1,'S','2024-05-20'),(7,60,1,2,1,'S','2024-05-20'),(8,43,1,2,1,'S','2024-05-20'),(9,57,1,2,1,'S','2024-05-20'),(10,3,1,2,1,'S','2024-05-20'),(11,9,1,2,1,'S','2024-05-20'),(12,36,1,2,1,'S','2024-05-20'),(13,20,1,2,1,'S','2024-05-20'),(14,12,1,2,1,'S','2024-05-20'),(15,26,1,2,1,'S','2024-05-20'),(16,38,1,2,1,'S','2024-05-20'),(17,64,1,2,1,'S','2024-05-20'),(18,56,1,2,1,'S','2024-05-20'),(19,53,1,2,1,'S','2024-05-20'),(20,32,1,2,1,'S','2024-05-20'),(21,70,1,2,1,'S','2024-05-20'),(22,39,1,2,1,'S','2024-05-20'),(23,47,1,2,1,'S','2024-05-20'),(24,52,1,2,1,'S','2024-05-20'),(25,22,1,2,1,'S','2024-05-20'),(26,16,1,2,1,'S','2024-05-20'),(27,25,1,2,1,'S','2024-05-20'),(28,55,1,2,1,'S','2024-05-20'),(29,50,1,2,1,'S','2024-05-20'),(30,42,1,2,1,'S','2024-05-20'),(31,8,1,2,1,'S','2024-05-20'),(32,19,1,2,1,'S','2024-05-20'),(33,49,1,2,1,'S','2024-05-20'),(34,21,1,2,1,'S','2024-05-20'),(35,30,1,2,1,'S','2024-05-20'),(36,75,1,2,1,'S','2024-05-20'),(37,41,1,2,1,'S','2024-05-20'),(38,79,1,2,1,'S','2024-05-20'),(39,18,1,2,1,'S','2024-05-20'),(40,48,1,2,1,'S','2024-05-20'),(41,67,1,2,1,'S','2024-05-20'),(42,33,1,2,1,'S','2024-05-20'),(43,5,1,2,1,'S','2024-05-20'),(44,46,1,2,1,'S','2024-05-20'),(45,17,1,2,1,'S','2024-05-20'),(46,14,1,2,1,'S','2024-05-20'),(47,63,1,2,1,'S','2024-05-20'),(48,27,1,2,1,'S','2024-05-20'),(49,7,1,2,1,'S','2024-05-20'),(50,69,1,2,1,'S','2024-05-20'),(51,29,1,2,1,'S','2024-05-20'),(52,74,1,2,1,'S','2024-05-20'),(53,15,1,2,1,'S','2024-05-20'),(54,44,1,2,1,'S','2024-05-20'),(55,72,1,2,1,'S','2024-05-20'),(56,66,1,2,1,'S','2024-05-20'),(57,31,1,2,1,'S','2024-05-20'),(58,13,1,2,1,'S','2024-05-20'),(59,4,1,2,1,'S','2024-05-20'),(60,1,1,2,1,'S','2024-05-20'),(61,9,1,1,1,'S','2024-05-20'),(62,2,1,1,1,'S','2024-05-20'),(63,1,1,1,1,'S','2024-05-20'),(64,7,1,1,1,'S','2024-05-20'),(65,8,1,1,1,'S','2024-05-20'),(66,5,1,1,1,'S','2024-05-20'),(67,10,1,1,1,'N','2024-05-20'),(68,4,1,1,1,'S','2024-05-20'),(69,71,1,2,1,'S','2024-05-20'),(70,37,1,1,1,'S','2024-05-20'),(71,30,1,1,1,'S','2024-05-20'),(72,24,1,2,1,'S','2024-05-20'),(73,35,1,2,1,'S','2024-05-20'),(74,34,1,2,1,'S','2024-05-20'),(75,23,1,2,1,'S','2024-05-20'),(76,78,1,2,1,'S','2024-05-20'),(77,40,1,2,1,'S','2024-05-20'),(78,13,1,1,1,'S','2024-05-20'),(79,26,1,1,1,'S','2024-05-20'),(80,14,1,1,1,'S','2024-05-20'),(81,12,1,1,1,'S','2024-05-20'),(82,15,1,1,1,'S','2024-05-20'),(83,11,1,1,1,'S','2024-05-20'),(84,17,1,1,1,'S','2024-05-20'),(85,27,1,1,1,'S','2024-05-20'),(86,65,1,2,1,'S','2024-05-20'),(87,20,1,2,1,'S','2024-05-19'),(88,59,1,2,1,'S','2024-05-20'),(89,51,1,2,1,'S','2024-05-20'),(90,25,1,1,1,'S','2024-05-20'),(91,16,1,1,1,'S','2024-05-20'),(92,18,1,1,1,'S','2024-05-20'),(93,34,1,1,1,'S','2024-05-20'),(94,35,1,1,1,'S','2024-05-20'),(95,38,1,1,1,'S','2024-05-20'),(96,36,1,1,1,'S','2024-05-20'),(97,24,1,1,1,'S','2024-05-20'),(98,28,1,1,1,'N','2024-05-20'),(99,33,1,1,1,'S','2024-05-20'),(100,40,1,1,1,'S','2024-05-20'),(101,19,1,1,1,'S','2024-05-20'),(102,23,1,1,1,'S','2024-05-20'),(103,21,1,1,1,'S','2024-05-20'),(104,31,1,1,1,'S','2024-05-20'),(105,41,1,1,1,'S','2024-05-20'),(106,22,1,1,1,'S','2024-05-20'),(107,20,1,1,1,'S','2024-05-20'),(108,32,1,1,1,'S','2024-05-20'),(109,42,1,1,1,'S','2024-05-20'),(110,29,1,1,1,'S','2024-05-20'),(111,62,1,2,1,'S','2024-05-21'),(112,11,1,2,1,'S','2024-05-21'),(113,60,1,2,1,'S','2024-05-21'),(114,77,1,2,1,'S','2024-05-21'),(115,46,1,2,1,'S','2024-05-21'),(116,68,1,1,1,'S','2024-05-21'),(117,44,1,2,1,'S','2024-05-21'),(118,1,1,1,1,'S','2024-05-21'),(119,38,1,2,1,'S','2024-05-21'),(120,26,1,2,1,'S','2024-05-21'),(121,9,1,2,1,'S','2024-05-21'),(122,52,1,2,1,'S','2024-05-21'),(123,47,1,2,1,'S','2024-05-21'),(124,2,1,2,1,'S','2024-05-21'),(125,50,1,2,1,'S','2024-05-21'),(126,42,1,2,1,'S','2024-05-21'),(127,37,1,2,1,'S','2024-05-21'),(128,53,1,2,1,'S','2024-05-21'),(129,37,1,1,1,'S','2024-05-21'),(130,17,1,1,1,'S','2024-05-21'),(131,27,1,2,1,'S','2024-05-21'),(132,23,1,2,1,'S','2024-05-21'),(133,7,1,1,1,'S','2024-05-21'),(134,55,1,2,1,'S','2024-05-21'),(135,63,1,2,1,'S','2024-05-21'),(136,13,1,1,1,'S','2024-05-21'),(137,16,1,2,1,'S','2024-05-21'),(138,12,1,1,1,'S','2024-05-21'),(139,6,1,2,1,'S','2024-05-21'),(140,8,1,2,1,'S','2024-05-21'),(141,49,1,1,1,'S','2024-05-21'),(142,24,1,1,1,'S','2024-05-21'),(143,55,1,1,1,'S','2024-05-21'),(144,46,1,1,1,'S','2024-05-21'),(145,26,1,1,1,'S','2024-05-21'),(146,4,1,1,1,'S','2024-05-21'),(147,51,1,1,1,'S','2024-05-21'),(148,18,1,1,1,'S','2024-05-21'),(149,48,1,1,1,'S','2024-05-21'),(150,35,1,1,1,'S','2024-05-21'),(151,34,1,1,1,'S','2024-05-21'),(152,19,1,1,1,'S','2024-05-21'),(153,57,1,1,1,'S','2024-05-21'),(154,21,1,1,1,'S','2024-05-21'),(155,30,1,1,1,'S','2024-05-21'),(156,44,1,1,1,'S','2024-05-21'),(157,70,1,2,1,'S','2024-05-21'),(158,79,1,2,1,'S','2024-05-21'),(159,56,1,1,1,'S','2024-05-21'),(160,5,1,2,1,'S','2024-05-21'),(161,50,1,1,1,'S','2024-05-21'),(162,64,1,2,1,'S','2024-05-21'),(163,20,1,2,1,'S','2024-05-21'),(164,36,1,2,1,'S','2024-05-21'),(165,25,1,2,1,'S','2024-05-21'),(166,69,1,2,1,'S','2024-05-21'),(167,32,1,2,1,'S','2024-05-21'),(168,29,1,2,1,'S','2024-05-21'),(169,47,1,1,1,'S','2024-05-21'),(170,52,1,1,1,'S','2024-05-21'),(171,65,1,2,1,'S','2024-05-21'),(172,41,1,2,1,'S','2024-05-21'),(173,15,1,2,1,'S','2024-05-21'),(174,67,1,2,1,'S','2024-05-21'),(175,51,1,2,1,'S','2024-05-21'),(176,48,1,2,1,'S','2024-05-21'),(177,40,1,2,1,'S','2024-05-21'),(178,59,1,2,1,'S','2024-05-21'),(179,53,1,1,1,'S','2024-05-21'),(180,43,1,2,1,'S','2024-05-21'),(181,22,1,2,1,'S','2024-05-21'),(182,3,1,2,1,'S','2024-05-21'),(183,1,1,2,1,'S','2024-05-21'),(184,24,1,2,1,'S','2024-05-21'),(185,4,1,2,1,'S','2024-05-21'),(186,18,1,2,1,'S','2024-05-21'),(187,49,1,2,1,'S','2024-05-21'),(188,35,1,2,1,'S','2024-05-21'),(189,12,1,2,1,'S','2024-05-21'),(190,19,1,2,1,'S','2024-05-21'),(191,68,1,2,1,'S','2024-05-21'),(192,30,1,2,1,'S','2024-05-21'),(193,31,1,2,1,'S','2024-05-21'),(194,56,1,2,1,'S','2024-05-21'),(195,39,1,2,1,'S','2024-05-21'),(196,75,1,2,1,'S','2024-05-21'),(197,34,1,2,1,'S','2024-05-21'),(198,57,1,2,1,'S','2024-05-21'),(199,14,1,2,1,'S','2024-05-21'),(200,72,1,2,1,'S','2024-05-21'),(201,13,1,2,1,'S','2024-05-21'),(202,33,1,2,1,'S','2024-05-21'),(203,66,1,2,1,'S','2024-05-21'),(204,67,1,1,1,'S','2024-05-21'),(205,43,1,1,1,'S','2024-05-21'),(206,60,1,1,1,'S','2024-05-21'),(207,66,1,1,1,'S','2024-05-21'),(208,63,1,1,1,'S','2024-05-21'),(209,3,1,1,1,'S','2024-05-21'),(210,62,1,1,1,'S','2024-05-21'),(211,64,1,1,1,'S','2024-05-21'),(212,69,1,1,1,'S','2024-05-21'),(213,59,1,1,1,'S','2024-05-21'),(214,6,1,1,1,'S','2024-05-21'),(215,61,1,1,1,'S','2024-05-21'),(216,65,1,1,1,'S','2024-05-21'),(217,9,1,3,1,'S','2024-05-20'),(218,26,1,3,1,'S','2024-05-20'),(219,43,1,3,1,'S','2024-05-20'),(220,3,1,3,1,'S','2024-05-20'),(221,38,1,3,1,'S','2024-05-20'),(222,1,1,3,1,'S','2024-05-20'),(223,83,2,4,1,'S','2024-05-20'),(224,103,2,4,1,'S','2024-05-20'),(225,100,2,4,1,'S','2024-05-20'),(226,108,2,4,1,'S','2024-05-20'),(227,102,2,4,1,'S','2024-05-20'),(228,87,2,4,1,'S','2024-05-20'),(229,104,2,4,1,'S','2024-05-20'),(230,92,2,4,1,'S','2024-05-20'),(231,95,2,4,1,'S','2024-05-20'),(232,90,2,4,1,'S','2024-05-20'),(233,96,2,4,1,'S','2024-05-20'),(234,82,2,4,1,'S','2024-05-20'),(235,86,2,4,1,'S','2024-05-20'),(236,88,2,4,1,'S','2024-05-20'),(237,107,2,4,1,'S','2024-05-20'),(238,91,2,4,1,'S','2024-05-20'),(239,89,2,4,1,'S','2024-05-20'),(240,94,2,4,1,'S','2024-05-20'),(241,101,2,4,1,'S','2024-05-20'),(242,93,2,4,1,'S','2024-05-20'),(243,84,2,4,1,'S','2024-05-20'),(244,106,2,4,1,'S','2024-05-20'),(245,99,2,4,1,'S','2024-05-20'),(246,105,2,4,1,'S','2024-05-20'),(247,98,2,4,1,'S','2024-05-20'),(248,85,2,4,1,'S','2024-05-20'),(249,97,2,4,1,'S','2024-05-20'),(250,108,2,3,1,'S','2024-05-20'),(251,109,2,3,1,'S','2024-05-20'),(252,110,2,3,1,'S','2024-05-20'),(253,91,2,3,1,'S','2024-05-20'),(254,111,2,3,1,'S','2024-05-20'),(255,106,2,3,1,'S','2024-05-20'),(256,4,1,2,1,'S','2024-05-22'),(257,24,1,2,1,'S','2024-05-22'),(258,12,1,2,1,'S','2024-05-22'),(259,21,1,2,1,'S','2024-05-22'),(260,18,1,2,1,'S','2024-05-22'),(261,70,1,2,1,'S','2024-05-22'),(262,19,1,2,1,'S','2024-02-22'),(263,35,1,2,1,'S','2024-05-22'),(264,37,1,2,1,'S','2024-05-22'),(265,26,1,2,1,'S','2024-05-22'),(266,13,1,2,1,'S','2024-05-22'),(267,30,1,2,1,'S','2024-05-22'),(268,17,1,2,1,'S','2024-05-22'),(269,7,1,2,1,'S','2024-05-22'),(270,1,1,2,1,'S','2024-05-22'),(271,39,1,1,1,'S','2024-05-22'),(272,75,1,2,1,'S','2024-09-18'),(273,112,1,3,2,'S','2024-09-18'),(274,9,1,3,2,'S','2024-09-18'),(275,114,1,3,2,'S','2024-09-18'),(276,119,1,3,2,'S','2024-09-18'),(277,38,1,3,2,'S','2024-09-18'),(278,116,1,3,2,'S','2024-09-18'),(279,1,1,3,2,'S','2024-09-18'),(280,118,1,3,2,'S','2024-09-18'),(281,186,1,2,2,'S','2024-09-18'),(282,177,1,2,2,'S','2024-09-18'),(283,138,1,2,2,'S','2024-09-18'),(284,113,1,3,2,'S','2024-09-18'),(285,133,1,2,2,'S','2024-09-18'),(286,122,1,2,2,'S','2024-09-18'),(287,159,1,2,2,'S','2024-09-18'),(288,157,1,2,2,'S','2024-09-18'),(289,137,1,2,2,'S','2024-09-18'),(290,204,1,2,2,'S','2024-09-18'),(291,184,1,2,2,'S','2024-09-18'),(292,162,1,2,2,'S','2024-09-18'),(293,185,1,2,2,'S','2024-09-18'),(294,189,1,2,2,'S','2024-09-18'),(295,124,1,2,2,'S','2024-09-18'),(296,175,1,2,2,'S','2024-09-18'),(297,127,1,2,2,'S','2024-09-18'),(298,142,1,2,2,'S','2024-09-18'),(299,158,1,2,2,'S','2024-09-18'),(300,164,1,2,2,'S','2024-09-18'),(301,174,1,2,2,'S','2024-09-18'),(302,190,1,2,2,'S','2024-09-18'),(303,120,1,2,2,'S','2024-09-18'),(304,202,1,2,2,'S','2024-09-18'),(305,144,1,2,2,'S','2024-09-18'),(306,126,1,2,2,'S','2024-09-18'),(307,125,1,2,2,'S','2024-09-18'),(308,134,1,2,2,'S','2024-09-18'),(309,154,1,2,2,'S','2024-09-18'),(310,141,1,2,2,'S','2024-09-18'),(311,187,1,2,2,'S','2024-09-18'),(312,167,1,2,2,'S','2024-09-18'),(313,135,1,2,2,'S','2024-09-18'),(314,200,1,2,2,'S','2024-09-18'),(315,183,1,2,2,'S','2024-09-18'),(316,165,1,2,2,'S','2024-09-18'),(317,206,1,2,2,'S','2024-09-18'),(318,180,1,2,2,'S','2024-09-18'),(319,182,1,2,2,'S','2024-09-18'),(320,169,1,2,2,'S','2024-09-18'),(321,179,1,2,2,'S','2024-09-18'),(322,161,1,2,2,'S','2024-09-18'),(323,132,1,2,2,'S','2024-09-18'),(324,203,1,2,2,'S','2024-09-18'),(325,123,1,2,2,'S','2024-09-18'),(326,208,1,2,2,'S','2024-09-18'),(327,209,1,2,2,'S','2024-09-18'),(328,210,1,2,2,'S','2024-09-18'),(329,209,1,2,2,'S','2024-09-18'),(330,210,1,2,2,'S','2024-09-18'),(331,210,1,2,2,'N','2024-09-18'),(332,209,1,2,2,'N','2024-09-18'),(333,121,1,2,2,'S','2024-09-18'),(334,159,1,2,2,'S','2024-09-18'),(335,133,1,2,2,'S','2024-09-18'),(336,144,1,2,2,'S','2024-09-18'),(337,179,1,2,2,'S','2024-09-18'),(338,184,1,2,2,'S','2024-09-18'),(339,177,1,2,2,'S','2024-09-18'),(340,138,1,2,2,'S','2024-09-18'),(341,158,1,2,2,'S','2024-09-18'),(342,127,1,2,2,'S','2024-09-18'),(343,169,1,2,2,'S','2024-09-18'),(344,167,1,2,2,'S','2024-09-18'),(345,180,1,2,2,'S','2024-09-18'),(346,174,1,2,2,'S','2024-09-18'),(347,182,1,2,2,'S','2024-09-18'),(348,182,1,2,2,'S','2024-09-18'),(349,122,1,2,2,'S','2024-09-18'),(350,190,1,2,2,'S','2024-09-18'),(351,120,1,2,2,'S','2024-09-18'),(352,207,1,2,2,'S','2024-09-18'),(353,141,1,2,2,'S','2024-09-18'),(354,123,1,2,2,'S','2024-09-18'),(355,204,1,2,2,'S','2024-09-18'),(356,189,1,2,2,'S','2024-09-18'),(357,162,1,2,2,'S','2024-09-18'),(358,164,1,2,2,'S','2024-09-18'),(359,137,1,2,2,'S','2024-09-18'),(360,134,1,2,2,'S','2024-09-18'),(361,125,1,2,2,'S','2024-09-18'),(362,125,1,2,2,'S','2024-09-18'),(363,154,1,2,2,'S','2024-09-18'),(364,125,1,2,2,'S','2024-09-18'),(365,125,1,2,2,'S','2024-09-18'),(366,186,1,2,2,'S','2024-09-18'),(367,124,1,2,2,'S','2024-09-18'),(368,183,1,2,2,'S','2024-09-18'),(369,161,1,2,2,'S','2024-09-18'),(370,142,1,2,2,'S','2024-09-18'),(371,186,1,2,2,'S','2024-09-19'),(372,189,1,2,2,'S','2024-09-19'),(373,187,1,2,2,'S','2024-09-19'),(374,157,1,2,2,'S','2024-09-19'),(375,133,1,2,2,'S','2024-09-19'),(376,182,1,2,2,'S','2024-09-19'),(377,174,1,2,2,'S','2024-09-19'),(378,180,1,2,2,'S','2024-09-19'),(379,190,1,2,2,'S','2024-09-19'),(380,165,1,2,2,'S','2024-09-19'),(381,183,1,2,2,'S','2024-09-19'),(382,209,1,2,2,'S','2024-09-19'),(383,210,1,2,2,'S','2024-09-19'),(384,134,1,2,2,'S','2024-09-19'),(385,154,1,2,2,'S','2024-09-19'),(386,161,1,2,2,'S','2024-09-19'),(387,167,1,2,2,'S','2024-09-19'),(388,127,1,2,2,'S','2024-09-19'),(389,158,1,2,2,'S','2024-09-19'),(390,138,1,2,2,'S','2024-09-19'),(391,177,1,2,2,'S','2024-09-19'),(392,164,1,2,2,'S','2024-09-19'),(393,156,1,2,2,'S','2024-09-19'),(394,122,1,2,2,'S','2024-09-19'),(395,123,1,2,2,'S','2024-09-19'),(396,159,1,2,2,'S','2024-09-19'),(397,112,1,3,2,'S','2024-09-19'),(398,9,1,3,2,'S','2024-09-19'),(399,113,1,3,2,'S','2024-09-19'),(400,114,1,3,2,'S','2024-09-19'),(401,118,1,3,2,'S','2024-09-19'),(402,119,1,3,2,'S','2024-09-19'),(403,115,1,3,2,'S','2024-09-19'),(404,38,1,3,2,'S','2024-09-19'),(405,116,1,3,2,'S','2024-09-19'),(406,1,1,3,2,'S','2024-09-19'),(407,117,1,3,2,'S','2024-09-19'),(408,142,1,2,2,'S','2024-09-19'),(409,144,1,2,2,'S','2024-09-19'),(410,156,1,2,2,'S','2024-09-19'),(411,177,1,2,2,'S','2024-09-19'),(412,138,1,2,2,'S','2024-09-19'),(413,159,1,2,2,'S','2024-09-19'),(414,120,1,2,2,'S','2024-09-19'),(415,209,1,2,2,'S','2024-09-19'),(416,210,1,2,2,'S','2024-09-19'),(417,182,1,2,2,'S','2024-09-19'),(418,174,1,2,2,'S','2024-09-19'),(419,183,1,2,2,'S','2024-09-19'),(420,157,1,2,2,'S','2024-09-19'),(421,125,1,2,2,'S','2024-09-19'),(422,161,1,2,2,'S','2024-09-19'),(423,186,1,2,2,'S','2024-09-19'),(424,133,1,2,2,'S','2024-09-19'),(425,204,1,2,2,'S','2024-09-19'),(426,169,1,2,2,'S','2024-09-19'),(427,123,1,2,2,'S','2024-09-19'),(428,189,1,2,2,'S','2024-09-19'),(429,187,1,2,2,'S','2024-09-19'),(430,207,1,2,2,'S','2024-09-19'),(431,112,1,3,2,'S','2024-09-19'),(432,9,1,3,2,'S','2024-09-19'),(433,113,1,3,2,'S','2024-09-19'),(434,114,1,3,2,'S','2024-09-19'),(435,118,1,3,2,'S','2024-09-19'),(436,119,1,3,2,'S','2024-09-19'),(437,119,1,3,2,'S','2024-09-19'),(438,115,1,3,2,'S','2024-09-19'),(439,38,1,3,2,'S','2024-09-19'),(440,116,1,3,2,'S','2024-09-19'),(441,1,1,3,2,'S','2024-09-19'),(442,117,1,3,2,'S','2024-09-19'),(443,122,1,2,2,'S','2024-09-19'),(444,187,1,2,2,'S','2024-09-19'),(445,117,1,3,2,'S','2024-09-19'),(446,115,1,3,2,'S','2024-09-19'),(447,230,2,4,3,'S','2025-05-08'),(448,4,1,2,3,'S','2025-05-16'),(449,225,1,2,3,'S','2025-05-19'),(450,225,1,2,3,'S','2025-05-19'),(451,154,1,2,3,'S','2025-05-19'),(452,133,1,2,3,'S','2025-05-19'),(453,214,1,2,3,'S','2025-05-19'),(454,20,1,2,3,'S','2025-05-19'),(455,39,1,2,3,'S','2025-05-19'),(456,20,1,2,3,'S','2025-05-19'),(457,36,1,2,3,'S','2025-05-19'),(458,222,1,2,3,'S','2025-05-19'),(459,62,1,2,3,'S','2025-05-19'),(460,219,1,2,3,'S','2025-05-19'),(461,27,1,2,3,'S','2025-05-19'),(462,37,1,2,3,'S','2025-05-19'),(463,12,1,2,3,'S','2025-05-19'),(464,44,1,2,3,'S','2025-05-19'),(465,217,1,2,3,'S','2025-05-19'),(466,221,1,2,3,'S','2025-05-19'),(467,16,1,2,3,'S','2025-05-19'),(468,57,1,2,3,'S','2025-05-19'),(469,226,1,2,3,'S','2025-05-19'),(470,52,1,2,3,'S','2025-05-19'),(471,17,1,2,3,'S','2025-05-19'),(472,46,1,2,3,'S','2025-05-19'),(473,17,1,2,3,'S','2025-05-19'),(474,23,1,2,3,'S','2025-05-19'),(475,220,1,2,3,'S','2025-05-19'),(476,3,1,2,3,'S','2025-05-19'),(477,211,1,2,3,'S','2025-05-19'),(478,224,1,2,3,'S','2025-05-19'),(479,49,1,2,3,'S','2025-05-19'),(480,8,1,2,3,'S','2025-05-19'),(481,127,1,2,3,'S','2025-05-19'),(482,64,1,2,3,'S','2025-05-19'),(483,215,1,2,3,'S','2025-05-19'),(484,223,1,2,3,'S','2025-05-19'),(485,47,1,2,3,'S','2025-05-19'),(486,67,1,2,3,'S','2025-05-19'),(487,33,1,2,3,'S','2025-05-19'),(488,48,1,2,3,'S','2025-05-19'),(489,41,1,2,3,'S','2025-05-19'),(490,10,1,2,3,'S','2025-05-19'),(491,24,1,2,3,'S','2025-05-19'),(492,65,1,2,3,'S','2025-05-19'),(493,43,1,2,3,'S','2025-05-19'),(494,6,1,2,3,'S','2025-05-19'),(495,157,1,2,3,'S','2025-05-19'),(496,4,1,2,3,'S','2025-05-19'),(497,31,1,2,3,'S','2025-05-19'),(498,32,1,2,3,'S','2025-05-19'),(499,66,1,2,3,'S','2025-05-19'),(500,18,1,2,3,'S','2025-05-19'),(501,29,1,2,3,'S','2025-05-19'),(502,14,1,2,3,'S','2025-05-19'),(503,120,1,2,3,'S','2025-05-19'),(504,25,1,2,3,'S','2025-05-19'),(505,142,1,2,3,'S','2025-05-19'),(506,11,1,2,3,'S','2025-05-19'),(507,11,1,2,3,'S','2025-05-19'),(508,60,1,2,3,'S','2025-05-19'),(509,157,1,1,3,'S','2025-05-19'),(510,23,1,1,3,'S','2025-05-19'),(511,62,1,1,3,'S','2025-05-19'),(512,4,1,1,3,'S','2025-05-19'),(513,120,1,1,3,'S','2025-05-19'),(514,214,1,2,3,'S','2025-05-19'),(515,25,1,2,3,'S','2025-05-19'),(516,120,1,2,3,'S','2025-05-19'),(517,3,1,2,3,'S','2025-05-19'),(518,66,1,2,3,'S','2025-05-19'),(519,20,1,2,3,'S','2025-05-19'),(520,36,1,2,3,'S','2025-05-19'),(521,41,1,2,3,'S','2025-05-19'),(522,10,1,2,3,'S','2025-05-19'),(523,18,1,2,3,'S','2025-05-19'),(524,39,1,2,3,'S','2025-05-19'),(525,62,1,2,3,'S','2025-05-19'),(526,225,1,2,3,'S','2025-05-19'),(527,57,1,2,3,'S','2025-05-19'),(528,142,1,2,3,'S','2025-05-19'),(529,226,1,2,3,'S','2025-05-19'),(530,154,1,2,3,'S','2025-05-19'),(531,215,1,2,3,'S','2025-05-19'),(532,157,1,2,3,'S','2025-05-19'),(533,217,1,2,3,'S','2025-05-19'),(534,221,1,2,3,'S','2025-05-19'),(535,24,1,2,3,'S','2025-05-19'),(536,6,1,2,3,'S','2025-05-19'),(537,44,1,2,3,'S','2025-05-19'),(538,4,1,2,3,'S','2025-05-19'),(539,12,1,2,3,'S','2025-05-19'),(540,127,1,2,3,'S','2025-05-19'),(541,32,1,2,3,'S','2025-05-19'),(542,49,1,2,3,'S','2025-05-19'),(543,8,1,2,3,'S','2025-05-19'),(544,222,1,2,3,'S','2025-05-19'),(545,7,1,1,3,'S','2025-05-19'),(546,9,1,3,3,'S','2025-05-19'),(547,7,1,1,3,'S','2025-05-19'),(548,37,1,2,3,'S','2025-05-19'),(549,14,1,2,3,'S','2025-05-19'),(550,9,1,1,3,'S','2025-05-19'),(551,26,1,1,3,'S','2025-05-19'),(552,35,1,3,3,'S','2025-05-19'),(553,11,1,1,3,'S','2025-05-19'),(554,26,1,3,3,'S','2025-05-19'),(555,216,1,3,3,'S','2025-05-19'),(556,32,1,1,3,'S','2025-05-19'),(557,38,1,3,3,'S','2025-05-19'),(558,7,1,3,3,'S','2025-05-19'),(559,219,1,2,3,'S','2025-05-19'),(560,93,2,4,3,'S','2025-05-19'),(561,43,1,2,3,'S','2025-05-19'),(562,1,1,3,3,'S','2025-05-19'),(563,236,2,4,3,'S','2025-05-19'),(564,9,1,2,3,'S','2025-05-19'),(565,216,1,2,3,'S','2025-05-19'),(566,26,1,2,3,'S','2025-05-19'),(567,35,1,2,3,'S','2025-05-19'),(568,7,1,2,3,'S','2025-05-19'),(569,51,1,2,3,'S','2025-05-19'),(570,38,1,2,3,'S','2025-05-19'),(571,67,1,2,3,'S','2025-05-19'),(572,1,1,2,3,'S','2025-05-19'),(573,48,1,2,3,'S','2025-05-19'),(574,9,1,2,3,'S','2025-05-19'),(575,31,1,2,3,'S','2025-05-19'),(576,35,1,2,3,'S','2025-05-19'),(577,33,1,2,3,'S','2025-05-19'),(578,216,1,2,3,'S','2025-05-19'),(579,27,1,2,3,'S','2025-05-19'),(580,26,1,2,3,'S','2025-05-19'),(581,7,1,2,3,'S','2025-05-19'),(582,1,1,2,3,'S','2025-05-19'),(583,38,1,2,3,'S','2025-05-19'),(584,17,1,2,3,'S','2025-05-19'),(585,46,1,2,3,'S','2025-05-19'),(586,23,1,2,3,'S','2025-05-19'),(587,47,1,2,3,'S','2025-05-19'),(588,64,1,2,3,'S','2025-05-19'),(589,220,1,2,3,'S','2025-05-19'),(590,56,1,2,3,'S','2025-05-19'),(591,98,2,4,3,'S','2025-05-19'),(592,27,1,1,3,'S','2025-05-19'),(593,211,1,2,3,'S','2025-05-19'),(594,224,1,2,3,'S','2025-05-19'),(595,46,1,1,3,'S','2025-05-19'),(596,237,2,4,3,'S','2025-05-19'),(597,20,1,1,3,'S','2025-05-19'),(598,236,2,4,3,'S','2025-05-19'),(599,86,2,4,3,'S','2025-05-19'),(600,16,1,1,3,'S','2025-05-19'),(601,217,1,1,3,'S','2025-05-19'),(602,10,1,1,3,'S','2025-05-19'),(603,33,1,1,3,'S','2025-05-19'),(604,215,1,1,3,'S','2025-05-19'),(605,44,1,1,3,'S','2025-05-19'),(606,216,1,1,3,'S','2025-05-19'),(607,6,1,1,3,'S','2025-05-19'),(608,38,1,1,3,'S','2025-05-19'),(609,38,1,1,3,'S','2025-05-19'),(610,1,1,1,3,'S','2025-05-19'),(611,13,1,4,3,'S','2025-05-19'),(612,219,1,1,3,'S','2025-05-19'),(613,219,1,1,3,'S','2025-05-19'),(614,219,1,1,3,'S','2025-05-19'),(615,239,2,4,3,'S','2025-05-19'),(616,94,2,4,3,'S','2025-05-19'),(617,228,2,4,3,'S','2025-05-19'),(618,8,1,1,3,'S','2025-05-19'),(619,108,2,4,3,'S','2025-05-19'),(620,91,2,4,3,'S','2025-05-19'),(621,91,2,4,3,'S','2025-05-19'),(622,24,1,1,3,'S','2025-05-19'),(623,24,1,1,3,'S','2025-05-19'),(624,56,1,1,3,'S','2025-05-19'),(625,56,1,1,3,'S','2025-05-19'),(626,56,1,1,3,'S','2025-05-19'),(627,12,1,1,3,'S','2025-05-19'),(628,65,1,1,3,'S','2025-05-19'),(629,18,1,1,3,'S','2025-05-19'),(630,220,1,1,3,'S','2025-05-19'),(631,3,1,1,3,'S','2025-05-19'),(632,57,1,1,3,'S','2025-05-19'),(633,41,1,1,3,'S','2025-05-19'),(634,41,1,1,3,'S','2025-05-19'),(635,41,1,1,3,'S','2025-05-19'),(636,142,1,2,3,'S','2025-05-20'),(637,214,1,2,3,'S','2025-05-20'),(638,25,1,2,3,'S','2025-05-20'),(639,225,1,2,3,'S','2025-05-20'),(640,12,1,2,3,'S','2025-05-20'),(641,9,1,3,3,'S','2025-05-20'),(642,26,1,3,3,'S','2025-05-20'),(643,216,1,3,3,'S','2025-05-20'),(644,7,1,3,3,'S','2025-05-20'),(645,1,1,3,3,'S','2025-05-20'),(646,224,1,2,3,'S','2025-05-20'),(647,211,1,2,3,'S','2025-05-20'),(648,133,1,2,3,'S','2025-05-20'),(649,154,1,2,3,'S','2025-05-20'),(650,4,1,2,3,'S','2025-05-20'),(651,222,1,2,3,'S','2025-05-20'),(652,24,1,2,3,'S','2025-05-20'),(653,127,1,2,3,'S','2025-05-20'),(654,29,1,2,3,'S','2025-05-20'),(655,120,1,2,3,'S','2025-05-20'),(656,62,1,2,3,'S','2025-05-20'),(657,49,1,2,3,'S','2025-05-20'),(658,223,1,2,3,'S','2025-05-20'),(659,32,1,2,3,'S','2025-05-20'),(660,27,1,2,3,'S','2025-05-20'),(661,67,1,2,3,'S','2025-05-20'),(662,157,1,2,3,'S','2025-05-20'),(663,65,1,2,3,'S','2025-05-20'),(664,10,1,2,3,'S','2025-05-20'),(665,37,1,2,3,'S','2025-05-20'),(666,8,1,2,3,'S','2025-05-20'),(667,219,1,2,3,'S','2025-05-20'),(668,56,1,2,3,'S','2025-05-20'),(669,33,1,2,3,'S','2025-05-20'),(670,142,1,1,3,'S','2025-05-20'),(671,36,1,2,3,'S','2025-05-20'),(672,236,2,4,3,'S','2025-05-20'),(673,20,1,2,3,'S','2025-05-20'),(674,39,1,2,3,'S','2025-05-20'),(675,41,1,2,3,'S','2025-05-20'),(676,217,1,2,3,'S','2025-05-20'),(677,57,1,2,3,'S','2025-05-20'),(678,43,1,2,3,'S','2025-05-20'),(679,241,2,4,3,'S','2025-05-20'),(680,31,1,2,3,'S','2025-05-20'),(681,44,1,2,3,'S','2025-05-20'),(682,64,1,2,3,'S','2025-05-20'),(683,221,1,2,3,'S','2025-05-20'),(684,16,1,2,3,'S','2025-05-20'),(685,127,1,1,3,'S','2025-05-20'),(686,14,1,2,3,'S','2025-05-20'),(687,51,1,2,3,'S','2025-05-20'),(688,18,1,2,3,'S','2025-05-20'),(689,226,1,2,3,'S','2025-05-20'),(690,29,1,1,3,'S','2025-05-20'),(691,23,1,2,3,'S','2025-05-20'),(692,17,1,2,3,'S','2025-05-20'),(693,46,1,2,3,'S','2025-05-20'),(694,9,1,3,3,'S','2025-05-20'),(695,35,1,3,3,'S','2025-05-20'),(696,215,1,2,3,'S','2025-05-20'),(697,26,1,3,3,'S','2025-05-20'),(698,216,1,3,3,'S','2025-05-20'),(699,7,1,3,3,'S','2025-05-20'),(700,221,1,1,3,'S','2025-05-20'),(701,1,1,3,3,'S','2025-05-20'),(702,1,1,3,3,'S','2025-05-20'),(703,26,1,2,3,'S','2025-05-20'),(704,9,1,2,3,'S','2025-05-20'),(705,239,2,4,3,'S','2025-05-20'),(706,216,1,2,3,'S','2025-05-20'),(707,240,2,4,3,'S','2025-05-20'),(708,38,1,3,3,'S','2025-05-19'),(709,35,1,3,3,'S','2025-05-19'),(710,37,1,1,3,'S','2025-05-20'),(711,222,1,1,3,'S','2025-05-20'),(712,223,1,1,3,'S','2025-05-20'),(713,242,2,4,3,'S','2025-05-20'),(714,13,1,4,3,'S','2025-05-20'),(715,9,1,2,3,'S','2025-05-20'),(716,26,1,2,3,'S','2025-05-20'),(717,216,1,2,3,'S','2025-05-20'),(718,35,1,2,3,'S','2025-05-20'),(719,7,1,2,3,'S','2025-05-20'),(720,1,1,2,3,'S','2025-05-20'),(721,67,1,1,3,'S','2025-05-20'),(722,17,1,1,3,'S','2025-05-20'),(723,25,1,1,3,'S','2025-05-20'),(724,236,2,4,3,'S','2025-05-20'),(725,64,1,2,3,'S','2025-05-20'),(726,62,1,2,3,'S','2025-05-20'),(727,29,1,2,3,'S','2025-05-20'),(728,154,1,2,3,'S','2025-05-20'),(729,65,1,2,3,'S','2025-05-20'),(730,225,1,2,3,'S','2025-05-20'),(731,3,1,2,3,'S','2025-05-20'),(732,57,1,2,3,'S','2025-05-20'),(733,226,1,2,3,'S','2025-05-20'),(734,226,1,2,3,'S','2025-05-20'),(735,16,1,2,3,'S','2025-05-20'),(736,6,1,2,3,'S','2025-05-20'),(737,32,1,2,3,'S','2025-05-20'),(738,127,1,2,3,'S','2025-05-20'),(739,20,1,2,3,'S','2025-05-20'),(740,36,1,2,3,'S','2025-05-20'),(741,223,1,2,3,'S','2025-05-20'),(742,120,1,2,3,'S','2025-05-20'),(743,142,1,2,3,'S','2025-05-20'),(744,25,1,2,3,'S','2025-05-20'),(745,133,1,2,3,'S','2025-05-20'),(746,33,1,2,3,'S','2025-05-20'),(747,39,1,2,3,'S','2025-05-20'),(748,48,1,2,3,'S','2025-05-20'),(749,37,1,2,3,'S','2025-05-20'),(750,49,1,2,3,'S','2025-05-20'),(751,8,1,2,3,'S','2025-05-20'),(752,67,1,2,3,'S','2025-05-20'),(753,47,1,2,3,'S','2025-05-20'),(754,56,1,2,3,'S','2025-05-20'),(755,219,1,2,3,'S','2025-05-20'),(756,224,1,2,3,'S','2025-05-20'),(757,211,1,2,3,'S','2025-05-20'),(758,215,1,2,3,'S','2025-05-20'),(759,157,1,2,3,'S','2025-05-20'),(760,41,1,2,3,'S','2025-05-20'),(761,23,1,2,3,'S','2025-05-20'),(762,17,1,2,3,'S','2025-05-20'),(763,18,1,2,3,'S','2025-05-20'),(764,27,1,2,3,'S','2025-05-20'),(765,10,1,2,3,'S','2025-05-20'),(766,220,1,2,3,'S','2025-05-20'),(767,221,1,2,3,'S','2025-05-20'),(768,217,1,2,3,'S','2025-05-20'),(769,51,1,2,3,'S','2025-05-20'),(770,43,1,2,3,'S','2025-05-20'),(771,9,1,3,3,'S','2025-05-20'),(772,35,1,3,3,'S','2025-05-20'),(773,26,1,3,3,'S','2025-05-20'),(774,216,1,3,3,'S','2025-05-20'),(775,38,1,3,3,'S','2025-05-20'),(776,7,1,3,3,'S','2025-05-20'),(777,1,1,3,3,'S','2025-05-20'),(778,35,1,2,3,'S','2025-05-20'),(779,26,1,2,3,'S','2025-05-20'),(780,9,1,3,3,'S','2025-05-20'),(781,38,1,2,3,'S','2025-05-20'),(782,7,1,2,3,'S','2025-05-20'),(783,1,1,2,3,'S','2025-05-20'),(784,133,1,1,3,'S','2025-05-20'),(785,226,1,1,3,'S','2025-05-20'),(786,60,1,1,3,'S','2025-05-20'),(787,66,1,1,3,'S','2025-05-20'),(788,36,1,1,3,'S','2025-05-20'),(789,154,1,1,3,'S','2025-05-20'),(790,244,2,4,3,'S','2025-05-20'),(791,243,2,4,3,'S','2025-05-20'),(792,64,1,1,3,'S','2025-05-20'),(793,39,1,1,3,'S','2025-05-20'),(794,245,2,4,3,'S','2025-05-20'),(795,239,2,4,3,'S','2025-05-20'),(796,43,1,1,3,'S','2025-05-20'),(797,225,1,1,3,'S','2025-05-20'),(798,214,1,1,3,'S','2025-05-19'),(799,14,1,1,3,'S','2025-05-19'),(800,31,1,1,3,'S','2025-05-19'),(801,47,1,1,3,'S','2025-05-20'),(802,48,1,1,3,'S','2025-05-19'),(803,211,1,1,3,'S','2025-05-19'),(804,35,1,1,3,'S','2025-05-20'),(805,49,1,1,3,'S','2025-05-20'),(806,51,1,1,3,'S','2025-05-20'),(807,213,1,1,3,'S','2025-05-19'),(808,224,1,1,3,'S','2025-05-20'),(809,229,2,4,3,'S','2025-05-19'),(810,104,2,4,3,'S','2025-05-19'),(811,0,1,4,3,'S','2025-05-16'),(812,106,2,4,3,'S','2025-05-19'),(813,90,2,4,3,'S','2025-05-19'),(814,231,2,4,3,'S','2025-05-19'),(815,82,2,4,3,'S','2025-05-19'),(816,247,2,4,3,'S','2025-05-20'),(817,232,2,5,3,'S','2025-05-19'),(818,191,2,5,3,'S','2025-05-19'),(819,233,2,5,3,'S','2025-05-19'),(820,234,2,5,3,'S','2025-05-19'),(821,235,2,5,3,'S','2025-05-20'),(822,38,1,5,3,'S','2025-05-19'),(823,108,2,3,3,'S','2025-05-19'),(824,237,2,3,3,'S','2025-05-19'),(825,247,2,3,3,'S','2025-05-19'),(826,91,2,3,3,'S','2025-05-19'),(827,239,2,3,3,'S','2025-05-19'),(828,106,2,3,3,'S','2025-05-19'),(829,1,1,1,4,'S','2025-06-29');
/*!40000 ALTER TABLE `presenca` ENABLE KEYS */;

--
-- Table structure for table `projeto`
--

DROP TABLE IF EXISTS `projeto`;
/*!40101 SET @saved_cs_client     = @@character_set_client */;
/*!50503 SET character_set_client = utf8mb4 */;
CREATE TABLE `projeto` (
  `id` int NOT NULL AUTO_INCREMENT,
  `cod_usuario` int NOT NULL,
  `nome` varchar(255) CHARACTER SET utf8mb3 COLLATE utf8mb3_swedish_ci NOT NULL,
  `cod_disciplina` int NOT NULL,
  `cod_sala` int NOT NULL,
  PRIMARY KEY (`id`)
) ENGINE=InnoDB AUTO_INCREMENT=86 DEFAULT CHARSET=utf8mb3 COLLATE=utf8mb3_swedish_ci;
/*!40101 SET character_set_client = @saved_cs_client */;

--
-- Dumping data for table `projeto`
--

/*!40000 ALTER TABLE `projeto` DISABLE KEYS */;
INSERT INTO `projeto` VALUES (1,2,'Análise transcriptômica e funcional como estratégias para a compreensão dos padrões de  crescimento muscular determinado e indeterminado de peixes',1,3),(2,3,'Efeitos da melatonina sobre o perfil proteômico global de células de carcinoma  mamário (linhagens MCF-7 e MDA-MB-468)',1,3),(3,1,'O alto consumo de etanol sobre a expressão proteica e gênica do ventrículo  esquerdo do coração',1,3),(4,4,'Avaliação da disbiose intestinal em pacientes submetidos a transplante alogênico e com doença do enxerto contra o hospedeiro aguda',1,3),(5,5,'Otimização de bone-on-a-chip: busca por metodologias alternativas para  aperfeiçoar a mimetização do remodelamento ósseo',1,3),(6,6,'Uso da biomimética para prospecção de um bioproduto: aplicação de vesículas de mineralização em materiais de manufatura aditiva para  regeneração do osso',1,3),(7,7,'Impacto da exposição perinatal a resíduos plásticos sobre alvos funcionais e oncogênicos na próstata de ratos',1,3),(8,8,'Efeito Diferencial/Seletivo da Geoprópolis e do Ácido Anacárdico sobre Células de Leucemia Mieloide Aguda e sobre Células Mononucleares do Sangue Periférico Humano',1,3),(9,9,'Impacto da adiponectina na carcinogênese prostática: estudo em camundongos  transgênicos',1,3),(10,10,'Regulação da maturação gonadal em peixes: papel dos long non-coding RNAs e microRNAs e suas aplicações na piscicultura',1,3),(11,11,'Efeitos Intergeracionais da Sacarina Sódica na Próstata de Ratos Adultos',1,3),(12,12,'Avaliação do efeito citopático do SARS-CoV-2 em células do sistema imune com diferentes  polimorfismos genéticos',1,3),(13,13,'Avaliação do perfil proteômico das glândulas adrenais de ratos submetidos à restrição proteica materna: Integração de dados multiômicos',1,3),(14,14,'Atividade testicular e sazonalidade durante o ciclo reprodutivo anual de Leptodactylus podicipinus (Anura: Leptodactylidae) do Centro-sul paulista',1,3),(15,15,'Atividade antibacteriana de peptídeos antimicrobianos (PAMs) nisina e melitina e óleos essenciais de copaíba e pitanga sobre bactérias causadoras de infecções na  pele',1,3),(16,16,'Efeito do monoterpeno citronelol sobre as úlceras pépticas',1,3),(17,17,'Implicações materno-fetais da exposição aos ftalatos e nanoplásticos durante a  gestação de ratas',1,3),(18,18,'O citral é capaz de modular a nocicepção em camundongos com obesidade?',1,3),(19,19,'Exposição das leveduras Candida parapsilosis e Candida tropicalis aos azólicos agrícola tebuconazol e clínico fluconazol: influência na resistência aos antifúngicos  clínicos, morfologia e fatores de virulência',1,3),(20,20,'Análises genômicas e fenotípicas de isolados de Escherichia coli uropatogênica  produtores de β-lactamases de espectro estendido do projeto',1,3),(21,21,'Avaliação do potencial farmacológico do monoterpeno Citral frente à colite com recidivas induzida por ácido 2,4,6 trinitrobenzenosulfônico em ratos Wistar  machos',1,3),(22,22,'Desenvolvimento de organoides testiculares como modelo para estudar a espermatogênese de peixes e desenvolver aplicações inovadoras na aquicultura',1,3),(23,23,'Exposição intrauterina e lactacional a resíduos ambientais do plástico: Impacto sobre desenvolvimento gonadal masculino',1,3),(24,24,'Desenvolvimento Integral de Boas Práticas de Laboratório e Implementação de Métodos Toxicológicos in vivo para avaliação de segurança de dispositivos médicos e agroquímicos',1,3),(25,25,'Avaliação da funcionalidade molecular de MICA e MICB em indivíduos saudáveis: Quantificação de RNA e moléculas de membrana.',1,3),(26,26,'Avaliação do perfil metabolômico do fígado de ratos machos submetidos à restrição proteica materna: Integração de dados multiômicos',1,3),(27,27,'Investigação do perfil proteômico e ultraestrutura placentária de ratas submetidas  à restrição proteica materna: Uma abordagem DOHaD',1,3),(28,28,'Detecção e mapeamento ambiental de fungos patogênicos dimórficos em transecto  geográfico oeste-leste que inclui o semiárido Brasileiro',1,3),(29,29,'Exploração in vitro dos potenciais virucida e anti-inflamatório dos óleos essenciais de Eucalyptus exserta, E. staigeriana, E. leptophleba e do 1,8-Cineol contra o vírus  da Dengue',1,3),(30,30,'Avaliação da ação do citral na permeabilidade intestinal e endotoxemia metabólica  em camundongos obesos alimentados com dieta hiperlipídica',1,3),(31,31,'Efeitos da Restrição Proteica Materna e da exposição ao estrógeno sobre o estroma  prostático',1,3),(32,32,'Avaliação do bacterioma fecal e correlação com marcadores inflamatórios  sistêmicos em pacientes infectados pelo SARS-CoV-2',1,3),(33,33,'Análise do microbioma e da morfofisiologia do Ceco de ratos submetidos à restrição proteica materna: Uma abordagem DOHaD',1,3),(34,34,'Ação do mirceno na retocolite ulcerativa agravada por dieta hiperlipídica em  camundongos C57BL/J6',1,3),(35,35,'Influência de nanoplásticos na resposta de células tumorais ovarianas ao  tratamento quimioterápico',1,3),(36,36,'Simpósio Anual do Programa de Pós-Graduação em Biologia Geral e Aplicada Chain-like adherence (CLA): um padrão de aderência produzido por Escherichia coli enteroagregativa (EAEC) e mediado pela fímbria de aderência agregativa IV  (AAF/IV)?',1,3),(37,37,'Investigação do papel da proteína TccP4 de Escherichia albertii, na lesão attaching and effacing, nos backgrounds de Escherichia coli enteropatogênica e E. coli  enterohemorrágica',1,3),(38,38,'Adenocarcinoma Pulmonar: Uma Análise Sexo Específica',1,3),(39,39,'Influência de superantígenos de Staphylococcus aureus em parâmetros imunológicos relacionados à mastite subclínica e nos diferentes níveis de gravidade  na mastite clínica contagiosa',1,3),(40,40,'Nanoplásticos de poliestireno pela via oral: efeitos na reprodução e  desenvolvimento de roedores',1,3),(41,41,'Investigação da ação antiobesogênica do mirceno como tratamento preventivo e curativo de camundongos C57BL/6J alimentados com dieta hiperlipídica',1,3),(42,42,'Identificação de compostos bioativos de extrato de Eugenia brasiliensis e efeitos  antidiabético in vitro',1,3),(43,43,'Efeitos de terapias combinadas na regulação de canais de cálcio e atividade mitocondrial no músculo diafragma de camundongos distróficos mdx',1,3),(44,44,'Avaliação do sistema imune e a relação de endossimbiontes em Spodoptera frugiperda (Lepidoptera: Noctuidae) provenientes de diferentes regiões do Brasil',1,3),(45,45,'Repercussões da exposição materna ao antidepressivo venlafaxina sobre o desenvolvimento mamário e ovariano na prole de fêmeas Wistar',1,3),(46,46,'Resíduos plásticos e toxicologia reprodutiva: abordagens in vivo e in silico dos aspectos reprodutivos femininos',1,3),(47,47,'Detecção de arboviroses emergentes e caracterização de mosquitos de campo via  sequenciamento de nova geração',1,3),(48,48,'Análise integrativa do transcriptoma e proteoma das ilhotas pancreáticas isoladas da prole de ratos machos submetidos à restrição proteica materna: caracterização e estudos funcionais',1,3),(49,49,'PARAMETROS IMUNOLÓGICOS E ANÁLISE PROTEÔMICA DE CÉLULAS THP-1 DIFERENCIADAS EM MACRÓFAGOS TRATADAS COM GEOPRÓPOLIS EM COMBINAÇÃO COM DEXAMETASONA',1,3),(50,50,'Potencial modulador de resposta antioxidante do extrato de Syzygium cumini em  células de Carcinoma Hepatocelular',1,3),(51,51,'Efeitos da inibição química da enzima antioxidante sulfirredoxina em  células tumorais prostáticas',1,3),(52,52,'Análise comparativa de isolados do sorotipo O3:H2 obtidos de diferentes sítios de infecção e avaliação da contribuição da AAF/I na infecção de células uroteliais',1,3),(53,53,'Explorando a metamorfose patogênica de Escherichia coli do sorotipo O3:H2  associada às infecções humanas',1,3),(54,54,'Avaliação da desintegração de formas farmacêuticas sólidas utilizando  magnetômetros de bombeamento óptico',1,3),(55,55,'Avaliação da ação neuroprotetora da sinvastatina no déficit cognitivo causado pela privação  crônica de sono em ratos',1,3),(56,56,'Influência de concentrações ambientais de azitromicina na competência vetorial e composição da microbiota intestinal de Aedes aegypti',1,3),(57,57,'Desenvolvimento de Ferramenta Computacional em Software Livre para Dosimetria Interna em Pacientes submetidos a radioterapia molecularna medicina nuclear',1,3),(58,58,'Da caracterização de exossomos à produção de anticorpos monoclonais (mAb): Busca por estratégias biotecnológicas no tratamento de desordens do osso',1,3),(59,59,'O alto consumo de etanol parental pós-púbere e o desenvolvimento e a inflamação mamária e ovariana na prole feminina não exposta',1,3),(60,60,'Efeitos da exposição perinatal a uma mistura de ftalatos sobre a próstata dorsolateral de ratos: aspectos inflamatórios e oxidativos',1,3),(61,61,'Contaminação por mercúrio em populações ribeirinhas da região Amazônica: identificação de biomarcadores associados à frequência de exposição',1,3),(62,62,'Ação do miR-192-5p nas propriedades fenotípicas e regulação de moléculas de checkpoint imunológicos em células derivadas de linfomas com e sem infecção por herpesvírus gama humanos',1,3),(63,63,'Potencial terapêutico do AdipoRon e seus efeitos sobre a transição epitélio-mesênquima em cultura primária de câncer de próstata',1,3),(64,64,'Caracterização da microbiota oral de pacientes submetidos ao transplante  alogênico e correlação com dados clínicos',1,3),(65,65,'Comparação de eficácia e eficiência do teste convencional de  esterilidade com metodologias moleculares',1,3),(66,66,'Efeitos da melatonina associada ao paclitaxel ou 1-metiltriptofano sobre células de carcinoma ovariano humano (SKOV3): Análise global do transcriptoma',1,3),(67,67,'Perfil global de expressão dos RNAs longos não codificantes(lncRNAs) na próstata ventral de ratos submetidos a Restrição Proteica Materna:  Caracterização e validação funcional',1,3),(68,68,'Dosimetria da Equipe Técnica Durante Procedimentos Hemodinâmicos',1,3),(69,69,'Metabolismo Energético, Carcinoma Hepatocelular e Melatonina: abordagens in vitro',1,3),(70,120,'ESTUDO DA VARIABILIDADE DOS GENES TAP-1 E TAP-2 EM  AMOSTRA BRASILEIRA',1,3),(71,120,'ESTUDO DA VARIABILIDADE DOS GENES TAP-1 E TAP-2 EM  AMOSTRA BRASILEIRA',1,3),(72,157,'INTELIGÊNCIA ARTIFICIAL APLICADA À MODELAGEM DE INTERAÇÕES ENTRE COMPOSTOS E GPCRS GASTROINTESTINAIS E NEURAIS PARA PREDIÇÃO BIOATIVA E TRIAGEM DE PRODUTOS NATURAIS',1,3),(73,211,'Impactos da exposição crônica a parabenos sobre eixo hipotálamo-hipófise- gônadas (HPG) em fêmeas de zebrafish (Danio rerio)',1,3),(74,211,'Impactos da exposição crônica a parabenos sobre eixo hipotálamo-hipófise- gônadas (HPG) em fêmeas de zebrafish (Danio rerio)',1,3),(75,214,'A ingestão do Sulfoxaflor na fase larval do inseto não alvo Ceraeochrysa claveri Navás, 1911 (Neuroptera: Chrysopidae) não impacta a morfologia das células  reprodutivas do inseto na idade adulta',1,3),(76,213,'PERFIL METABOLÔMICO E ESTADO NUTRICIONAL EM MULHERES GRÁVIDAS: ANÁLISE DE UMA COORTE BRASILEIRA',1,3),(77,215,'AVALIAÇÃO DO EFEITO DE PRODUTO  NATURAL NO SISTEMA NERVOSO ENTÉRICO E DA SUA RELAÇÃO COM O COMPORTAMENTO DEPRESSIVO EM RATAS NA MENOPAUSA',1,3),(78,216,'Ação da geoprópolis combinada ao paclitaxel ou carboplatina em células tumorais ovarianas',1,3),(79,217,'Efeitos de compostos bioativos de alimentos (CBAs) sobre a mucosite intestinal induzida pelo quimioterápico Cloridrato de irinotecano (CPT-11) em camundongos',1,3),(80,238,'Ação imunomoduladora da própolis de Mimosa tenuiflora (Wild.) Poir. produzida na caatinga nordestina e de constituintes isolados em monócitos humanos',1,3),(81,220,'Consequências da restrição proteica materna sobre a morfofisiologia e perfil proteômico dos pulmões da prole de ratas fêmeas jovens e velhas',1,3),(82,219,'Efeito crônico da suplementação dietética de nitrato inorgânico em mulheres que tiveram pré-eclâmpsia - Estudo duplo-cego, randomizado e controlado por placebo',1,3),(84,1,'CHB',5,2),(85,1,'GestorEdu Certo',1,4);
/*!40000 ALTER TABLE `projeto` ENABLE KEYS */;

--
-- Table structure for table `sala`
--

DROP TABLE IF EXISTS `sala`;
/*!40101 SET @saved_cs_client     = @@character_set_client */;
/*!50503 SET character_set_client = utf8mb4 */;
CREATE TABLE `sala` (
  `id` int NOT NULL AUTO_INCREMENT,
  `nome` varchar(255) CHARACTER SET utf8mb3 COLLATE utf8mb3_bin NOT NULL,
  PRIMARY KEY (`id`)
) ENGINE=InnoDB AUTO_INCREMENT=5 DEFAULT CHARSET=utf8mb3 COLLATE=utf8mb3_bin;
/*!40101 SET character_set_client = @saved_cs_client */;

--
-- Dumping data for table `sala`
--

/*!40000 ALTER TABLE `sala` DISABLE KEYS */;
INSERT INTO `sala` VALUES (1,'Simpósio da BGA 2024'),(2,'Jornada à Pós-Graduação '),(3,'Simpósio da BGA 2025'),(4,'Simposio 2026');
/*!40000 ALTER TABLE `sala` ENABLE KEYS */;

--
-- Table structure for table `sala_disciplina`
--

DROP TABLE IF EXISTS `sala_disciplina`;
/*!40101 SET @saved_cs_client     = @@character_set_client */;
/*!50503 SET character_set_client = utf8mb4 */;
CREATE TABLE `sala_disciplina` (
  `id` int NOT NULL AUTO_INCREMENT,
  `cod_sala` int NOT NULL,
  `cod_disciplina` int NOT NULL,
  PRIMARY KEY (`id`)
) ENGINE=InnoDB AUTO_INCREMENT=28 DEFAULT CHARSET=utf8mb3 COLLATE=utf8mb3_swedish_ci;
/*!40101 SET character_set_client = @saved_cs_client */;

--
-- Dumping data for table `sala_disciplina`
--

/*!40000 ALTER TABLE `sala_disciplina` DISABLE KEYS */;
INSERT INTO `sala_disciplina` VALUES (10,2,3),(11,2,5),(12,2,2),(13,1,1),(14,1,2),(15,1,3),(16,1,4),(22,3,1),(23,3,2),(24,3,3),(25,3,4),(26,3,5),(27,4,1);
/*!40000 ALTER TABLE `sala_disciplina` ENABLE KEYS */;

--
-- Table structure for table `usuario`
--

DROP TABLE IF EXISTS `usuario`;
/*!40101 SET @saved_cs_client     = @@character_set_client */;
/*!50503 SET character_set_client = utf8mb4 */;
CREATE TABLE `usuario` (
  `id` int NOT NULL AUTO_INCREMENT,
  `nome` varchar(255) CHARACTER SET utf8mb3 COLLATE utf8mb3_swedish_ci NOT NULL,
  `data_nascimento` date DEFAULT NULL,
  `rg` varchar(9) CHARACTER SET utf8mb3 COLLATE utf8mb3_swedish_ci DEFAULT NULL,
  `cpf` int DEFAULT NULL,
  `rua` varchar(255) CHARACTER SET utf8mb3 COLLATE utf8mb3_swedish_ci DEFAULT NULL,
  `numero` int DEFAULT NULL,
  `bairro` varchar(255) CHARACTER SET utf8mb3 COLLATE utf8mb3_swedish_ci DEFAULT NULL,
  `cidade` varchar(255) CHARACTER SET utf8mb3 COLLATE utf8mb3_swedish_ci DEFAULT NULL,
  `estado` varchar(255) CHARACTER SET utf8mb3 COLLATE utf8mb3_swedish_ci DEFAULT NULL,
  `telefone` int DEFAULT NULL,
  `email` varchar(255) CHARACTER SET utf8mb3 COLLATE utf8mb3_swedish_ci DEFAULT NULL,
  `senha` varchar(255) CHARACTER SET utf8mb3 COLLATE utf8mb3_swedish_ci DEFAULT NULL,
  `data_inscricao` varchar(255) CHARACTER SET utf8mb3 COLLATE utf8mb3_swedish_ci NOT NULL,
  PRIMARY KEY (`id`)
) ENGINE=InnoDB AUTO_INCREMENT=248 DEFAULT CHARSET=utf8mb3 COLLATE=utf8mb3_swedish_ci;
/*!40101 SET character_set_client = @saved_cs_client */;

--
-- Dumping data for table `usuario`
--

/*!40000 ALTER TABLE `usuario` DISABLE KEYS */;
INSERT INTO `usuario` VALUES (1,'Victória Mokarzel de Barros Camargo',NULL,NULL,NULL,NULL,NULL,NULL,NULL,NULL,NULL,'vmbcamargo@outlook.com','amFjazA1MDY=','2025-06-29'),(2,'Érika Stefani Perez           ',NULL,NULL,NULL,NULL,NULL,NULL,NULL,NULL,NULL,'','','2024-05-17'),(3,'Roberta Carvalho Cesário ',NULL,NULL,NULL,NULL,NULL,NULL,NULL,NULL,NULL,'','','2024-05-17'),(4,'Alexandre Soares Ferreira Junior',NULL,NULL,NULL,NULL,NULL,NULL,NULL,NULL,NULL,'','','2024-05-17'),(5,'Emerson Araujo Alves dos Santos',NULL,NULL,NULL,NULL,NULL,NULL,NULL,NULL,NULL,'','','2024-05-17'),(6,'Suelen Aparecida Teixeira',NULL,NULL,NULL,NULL,NULL,NULL,NULL,NULL,NULL,'','','2024-05-17'),(7,'Vanessa Aguiar Rocha',NULL,NULL,NULL,NULL,NULL,NULL,NULL,NULL,NULL,'vanessa.aguiar@unesp.br','dmFuZXNzYS5hZ3VpYXJAdW5lc3AuYnI=','2024-05-17'),(8,'Emilly Camargo Lopes',NULL,NULL,NULL,NULL,NULL,NULL,NULL,NULL,NULL,'','','2024-05-17'),(9,'Beatriz Souza de Oliveira',NULL,NULL,NULL,NULL,NULL,NULL,NULL,NULL,NULL,'beatriz-souza.oliveira@unesp.br','YmVhdHJpei1zb3V6YS5vbGl2ZWlyYUB1bmVzcC5icg==','2024-05-17'),(10,'Beatriz Marques de Souza',NULL,NULL,NULL,NULL,NULL,NULL,NULL,NULL,NULL,'','','2024-05-17'),(11,'Ana Clara Pacheco de Santana',NULL,NULL,NULL,NULL,NULL,NULL,NULL,NULL,NULL,'','','2024-05-17'),(12,'Felipe Allan da Silva Da Costa',NULL,NULL,NULL,NULL,NULL,NULL,NULL,NULL,NULL,'','','2024-05-17'),(13,'Matheus Naia Fioretto',NULL,NULL,NULL,NULL,NULL,NULL,NULL,NULL,NULL,'','','2024-05-17'),(14,'Rafael Oliveira Bordin',NULL,NULL,NULL,NULL,NULL,NULL,NULL,NULL,NULL,'','','2024-05-17'),(15,'Tatiane Baptista Zapata',NULL,NULL,NULL,NULL,NULL,NULL,NULL,NULL,NULL,'','','2024-05-17'),(16,'Luciano Rogério Destro Giacóia',NULL,NULL,NULL,NULL,NULL,NULL,NULL,NULL,NULL,'','','2024-05-17'),(17,'Natália Magosso',NULL,NULL,NULL,NULL,NULL,NULL,NULL,NULL,NULL,'','','2024-05-17'),(18,'Felipe Lima Dario',NULL,NULL,NULL,NULL,NULL,NULL,NULL,NULL,NULL,'','','2024-05-17'),(19,'Gabrielle Pires de Morais Monari',NULL,NULL,NULL,NULL,NULL,NULL,NULL,NULL,NULL,'','','2024-05-17'),(20,'Beatrice Di Virgilio Lopes Souza',NULL,NULL,NULL,NULL,NULL,NULL,NULL,NULL,NULL,'','','2024-05-17'),(21,'Felipe Leonardo Fagundes',NULL,NULL,NULL,NULL,NULL,NULL,NULL,NULL,NULL,'','','2024-05-17'),(22,'Maira da Silva Rodrigues',NULL,NULL,NULL,NULL,NULL,NULL,NULL,NULL,NULL,'','','2024-05-17'),(23,'Mirella Franco Moreira',NULL,NULL,NULL,NULL,NULL,NULL,NULL,NULL,NULL,'','','2024-05-17'),(24,'Erick Yuji Mawarida',NULL,NULL,NULL,NULL,NULL,NULL,NULL,NULL,NULL,'','','2024-05-17'),(25,'Ingrid Miranda Ferraz',NULL,NULL,NULL,NULL,NULL,NULL,NULL,NULL,NULL,'','','2024-05-17'),(26,'Isabelle Tenori Ribeiro',NULL,NULL,NULL,NULL,NULL,NULL,NULL,NULL,NULL,'isabelle.tenori@unesp.br','aXNhYmVsbGUudGVub3JpQHVuZXNwLmJy','2024-05-17'),(27,'Luisa Annibal Barata',NULL,NULL,NULL,NULL,NULL,NULL,NULL,NULL,NULL,'','','2024-05-17'),(28,'Danielle Hamae Yamauchi',NULL,NULL,NULL,NULL,NULL,NULL,NULL,NULL,NULL,'','','2024-05-17'),(29,'Maria Letícia de Oliveira Lyra',NULL,NULL,NULL,NULL,NULL,NULL,NULL,NULL,NULL,'','','2024-05-17'),(30,'Maycon Tavares Emilio Silva',NULL,NULL,NULL,NULL,NULL,NULL,NULL,NULL,NULL,'','','2024-05-17'),(31,'Renato Mattos',NULL,NULL,NULL,NULL,NULL,NULL,NULL,NULL,NULL,'','','2024-05-17'),(32,'Larissa da Silva Souza',NULL,NULL,NULL,NULL,NULL,NULL,NULL,NULL,NULL,'','','2024-05-17'),(33,'Hecttor Sebastian Baptista',NULL,NULL,NULL,NULL,NULL,NULL,NULL,NULL,NULL,'','','2024-05-17'),(34,'Gabriela Bueno',NULL,NULL,NULL,NULL,NULL,NULL,NULL,NULL,NULL,'','','2024-05-17'),(35,'Geovanna Carla Amaro da Silva',NULL,NULL,NULL,NULL,NULL,NULL,NULL,NULL,NULL,'geovanna.amaro@unesp.br','Z2VvdmFubmEuYW1hcm9AdW5lc3AuYnI=','2024-05-17'),(36,'Guilherme Frizzarin Ramalhães de Souza',NULL,NULL,NULL,NULL,NULL,NULL,NULL,NULL,NULL,'','','2024-05-17'),(37,'Iranildo do Amarante Fernandes',NULL,NULL,NULL,NULL,NULL,NULL,NULL,NULL,NULL,'','','2024-05-17'),(38,'Tainá Dorte da Silva',NULL,NULL,NULL,NULL,NULL,NULL,NULL,NULL,NULL,'taina.dorte@unesp.br','dGFpbmEuZG9ydGVAdW5lc3AuYnI=','2024-05-17'),(39,'Laura Beatriz Borim da Silva',NULL,NULL,NULL,NULL,NULL,NULL,NULL,NULL,NULL,'','','2024-05-17'),(40,'Lethícia Valencise',NULL,NULL,NULL,NULL,NULL,NULL,NULL,NULL,NULL,'','','2024-05-17'),(41,'Renata Assunção',NULL,NULL,NULL,NULL,NULL,NULL,NULL,NULL,NULL,'','','2024-05-17'),(42,'Maria Luisa Gonçalves Agneis',NULL,NULL,NULL,NULL,NULL,NULL,NULL,NULL,NULL,'','','2024-05-17'),(43,'Joyce Santana Rizzi',NULL,NULL,NULL,NULL,NULL,NULL,NULL,NULL,NULL,'','','2024-05-17'),(44,'Laura Mazzutti Bertaglia',NULL,NULL,NULL,NULL,NULL,NULL,NULL,NULL,NULL,'','','2024-05-17'),(45,'Marcelo Augusto Altieri',NULL,NULL,NULL,NULL,NULL,NULL,NULL,NULL,NULL,'','','2024-05-17'),(46,'Patrick Vieira de Souza',NULL,NULL,NULL,NULL,NULL,NULL,NULL,NULL,NULL,'','','2024-05-17'),(47,'Amanda Montezano Cintra',NULL,NULL,NULL,NULL,NULL,NULL,NULL,NULL,NULL,'','','2024-05-17'),(48,'Ana Beathriz Leite Lorente',NULL,NULL,NULL,NULL,NULL,NULL,NULL,NULL,NULL,'','','2024-05-17'),(49,'Mariana da Silva Honorio',NULL,NULL,NULL,NULL,NULL,NULL,NULL,NULL,NULL,'','','2024-05-17'),(50,'Matheus Ribas de Almeida',NULL,NULL,NULL,NULL,NULL,NULL,NULL,NULL,NULL,'','','2024-05-17'),(51,'Micheli Canuto de Lima',NULL,NULL,NULL,NULL,NULL,NULL,NULL,NULL,NULL,'','','2024-05-17'),(52,'Bruna Mendes Luiz',NULL,NULL,NULL,NULL,NULL,NULL,NULL,NULL,NULL,'','','2024-05-17'),(53,'Daiany Ribeiro Paz de Lira',NULL,NULL,NULL,NULL,NULL,NULL,NULL,NULL,NULL,'','','2024-05-17'),(54,'Mateus Padilha Pereira da Silva',NULL,NULL,NULL,NULL,NULL,NULL,NULL,NULL,NULL,'','','2024-05-17'),(55,'Stephane da Silva Alves',NULL,NULL,NULL,NULL,NULL,NULL,NULL,NULL,NULL,'','','2024-05-17'),(56,'Mariana Bueno Domingues',NULL,NULL,NULL,NULL,NULL,NULL,NULL,NULL,NULL,'','','2024-05-17'),(57,'Daniel Molena Seraphim',NULL,NULL,NULL,NULL,NULL,NULL,NULL,NULL,NULL,'','','2024-05-17'),(58,'Matheus Luquirini Penteado dos Santos',NULL,NULL,NULL,NULL,NULL,NULL,NULL,NULL,NULL,'','','2024-05-17'),(59,'Vanessa Caroline Fioravante',NULL,NULL,NULL,NULL,NULL,NULL,NULL,NULL,NULL,'','','2024-05-17'),(60,'Vinícius Luís Rocha da Silva Maria',NULL,NULL,NULL,NULL,NULL,NULL,NULL,NULL,NULL,'','','2024-05-17'),(61,'Nubya Gonçalves Cavallini',NULL,NULL,NULL,NULL,NULL,NULL,NULL,NULL,NULL,'','','2024-05-17'),(62,'Patricia de Cassia de Morais Pereira Sanches',NULL,NULL,NULL,NULL,NULL,NULL,NULL,NULL,NULL,'','','2024-05-17'),(63,'Ana Luiza Romano Gabriel',NULL,NULL,NULL,NULL,NULL,NULL,NULL,NULL,NULL,'','','2024-05-17'),(64,'Danielle Amanda Niz Alvarez',NULL,NULL,NULL,NULL,NULL,NULL,NULL,NULL,NULL,'','','2024-05-17'),(65,'Drielle Baptista dos Santos Figueiredo',NULL,NULL,NULL,NULL,NULL,NULL,NULL,NULL,NULL,'','','2024-05-17'),(66,'Karolina da Silva Tonon',NULL,NULL,NULL,NULL,NULL,NULL,NULL,NULL,NULL,'','','2024-05-17'),(67,'Luiz Marcos Frediani Portela',NULL,NULL,NULL,NULL,NULL,NULL,NULL,NULL,NULL,'','','2024-05-17'),(68,'Rafael Real de Sousa',NULL,NULL,NULL,NULL,NULL,NULL,NULL,NULL,NULL,'','','2024-05-17'),(69,'Wesley Ladeira Caputo',NULL,NULL,NULL,NULL,NULL,NULL,NULL,NULL,NULL,'','','2024-05-17'),(70,'Gabriela Abreu Botelho',NULL,NULL,NULL,NULL,NULL,NULL,NULL,NULL,NULL,'','','2024-05-17'),(71,'Maria Luiza Alves Aquino',NULL,NULL,NULL,NULL,NULL,NULL,NULL,NULL,NULL,'','','2024-05-17'),(73,'Gabriela Larissa Lima da Silva',NULL,NULL,NULL,NULL,NULL,NULL,NULL,NULL,NULL,'','','2024-05-17'),(74,'Kevin Silva Muller',NULL,NULL,NULL,NULL,NULL,NULL,NULL,NULL,NULL,'','','2024-05-17'),(75,'Higor Hernany Dias',NULL,NULL,NULL,NULL,NULL,NULL,NULL,NULL,NULL,'','','2024-05-17'),(76,'Gerson Santos de Almeida',NULL,NULL,NULL,NULL,NULL,NULL,NULL,NULL,NULL,'','','2024-05-17'),(77,'Catherine Wesselka',NULL,NULL,NULL,NULL,NULL,NULL,NULL,NULL,NULL,'','','2024-05-17'),(78,'Luiza Lima de Oliveira',NULL,NULL,NULL,NULL,NULL,NULL,NULL,NULL,NULL,'','','2024-05-17'),(79,'Henrique Orsi',NULL,NULL,NULL,NULL,NULL,NULL,NULL,NULL,NULL,'','','2024-05-17'),(80,'Kayo de Paiva Pereira',NULL,NULL,NULL,NULL,NULL,NULL,NULL,NULL,NULL,'','','2024-05-17'),(81,'Nathaly Ariella Chuha Ogata',NULL,NULL,NULL,NULL,NULL,NULL,NULL,NULL,NULL,'','','2024-05-17'),(82,'Gislane Lelis Vilela de Oliveira',NULL,NULL,NULL,NULL,NULL,NULL,NULL,NULL,NULL,'vmbcamargo@outlook.com','amFjazA1MDY=','2024-05-27'),(83,'Adriana Carvalho Natal de Moraes',NULL,NULL,NULL,NULL,NULL,NULL,NULL,NULL,NULL,'','','2024-05-27'),(84,'Rejane Maria Tommasini Grotto',NULL,NULL,NULL,NULL,NULL,NULL,NULL,NULL,NULL,'','','2024-05-27'),(85,'Vinicius Augusto Simão',NULL,NULL,NULL,NULL,NULL,NULL,NULL,NULL,NULL,'','','2024-05-27'),(86,'José de Anchieta de Castro e Horta Junior',NULL,NULL,NULL,NULL,NULL,NULL,NULL,NULL,NULL,'','','2024-05-27'),(87,'Deilson Elgui de Oliveira',NULL,NULL,NULL,NULL,NULL,NULL,NULL,NULL,NULL,'','','2024-05-27'),(88,'Jose Maurício Sforcin',NULL,NULL,NULL,NULL,NULL,NULL,NULL,NULL,NULL,'','','2024-05-27'),(89,'Matheus Alvarez',NULL,NULL,NULL,NULL,NULL,NULL,NULL,NULL,NULL,'','','2024-05-27'),(90,'Fabio Rodrigues Ferreira Seiva',NULL,NULL,NULL,NULL,NULL,NULL,NULL,NULL,NULL,'vmbcamargo@outlook.com','amFjazA1MDY=','2024-05-27'),(91,'Luiz Gustavo de Almeida Chuffa',NULL,NULL,NULL,NULL,NULL,NULL,NULL,NULL,NULL,'vmbcamargo@outlook.com','amFjazA1MDY=','2024-05-27'),(92,'Eduardo Bagagli',NULL,NULL,NULL,NULL,NULL,NULL,NULL,NULL,NULL,'','','2024-05-27'),(93,'Raquel Fantin Domeniconi',NULL,NULL,NULL,NULL,NULL,NULL,NULL,NULL,NULL,'vmbcamargo@outlook.com','amFjazA1MDY=','2024-05-27'),(94,'Patricia Fernanda Felipe Pinheiro',NULL,NULL,NULL,NULL,NULL,NULL,NULL,NULL,NULL,'','','2024-05-27'),(95,'Fábio Florença Cardoso',NULL,NULL,NULL,NULL,NULL,NULL,NULL,NULL,NULL,'','','2024-05-27'),(98,'Vera Lucia Mores Rall',NULL,NULL,NULL,NULL,NULL,NULL,NULL,NULL,NULL,'','','2024-05-27'),(99,'Valéria Cristina Sandrim',NULL,NULL,NULL,NULL,NULL,NULL,NULL,NULL,NULL,'','','2024-05-27'),(100,'Ary Fernandes Júnior',NULL,NULL,NULL,NULL,NULL,NULL,NULL,NULL,NULL,'','','2024-05-27'),(102,'Daniela Carvalho dos Santos',NULL,NULL,NULL,NULL,NULL,NULL,NULL,NULL,NULL,'','','2024-05-27'),(104,'Diana Rodrigues de Pina Miranda',NULL,NULL,NULL,NULL,NULL,NULL,NULL,NULL,NULL,'vmbcamargo@outlook.com','amFjazA1MDY=','2024-05-27'),(105,'Vanessa Rocha Ribeiro ',NULL,NULL,NULL,NULL,NULL,NULL,NULL,NULL,NULL,'','','2024-05-27'),(106,'Rodrigo Tavanelli Hernandes',NULL,NULL,NULL,NULL,NULL,NULL,NULL,NULL,NULL,'','','2024-05-27'),(108,'Camila Ferreira Bannwart Castro',NULL,NULL,NULL,NULL,NULL,NULL,NULL,NULL,NULL,'vmbcamargo@outlook.com','amFjazA1MDY=','2024-05-27'),(112,'Beatriz Barcelos Costa Lira',NULL,NULL,NULL,NULL,NULL,NULL,NULL,NULL,NULL,'barcelos.lira@unesp.br','YmFyY2Vsb3MubGlyYUB1bmVzcC5icg==','2024-09-17'),(113,'Gabriel Henrique Caxali',NULL,NULL,NULL,NULL,NULL,NULL,NULL,NULL,NULL,'gabriel.caxali@unesp.br','Z2FicmllbC5jYXhhbGlAdW5lc3AuYnI=','2024-09-17'),(114,'Isabela Andrade de Camargo',NULL,NULL,NULL,NULL,NULL,NULL,NULL,NULL,NULL,'isabela.camargo@unesp.br','aXNhYmVsYS5jYW1hcmdvQHVuZXNwLmJy','2024-09-17'),(115,'Marcia Rafaela Ramos Trevisan ',NULL,NULL,NULL,NULL,NULL,NULL,NULL,NULL,NULL,'ramos.trevisan@unesp.br','cmFtb3MudHJldmlzYW5AdW5lc3AuYnI=','2024-09-17'),(116,'Thainá Omia Bueno Pereira ',NULL,NULL,NULL,NULL,NULL,NULL,NULL,NULL,NULL,'thaina.omia@unesp.br','dGhhaW5hLm9taWFAdW5lc3AuYnI=','2024-09-17'),(117,'Vinícius Tironi de Castilho ',NULL,NULL,NULL,NULL,NULL,NULL,NULL,NULL,NULL,'vinicius.tironi@unesp.br','dmluaWNpdXMudGlyb25pQHVuZXNwLmJy','2024-09-17'),(118,'Isabelle Mira da Silva',NULL,NULL,NULL,NULL,NULL,NULL,NULL,NULL,NULL,'isabelle.silva@unesp.br','aXNhYmVsbGUuc2lsdmFAdW5lc3AuYnI=','2024-09-17'),(119,'Isadora Santos Decanini Marangoni',NULL,NULL,NULL,NULL,NULL,NULL,NULL,NULL,NULL,'isadora.marangoni@unesp.br','aXNhZG9yYS5tYXJhbmdvbmlAdW5lc3AuYnI=','2024-09-17'),(120,'Amanda Cristina Moço ',NULL,NULL,NULL,NULL,NULL,NULL,NULL,NULL,NULL,'','','2024-09-17'),(121,'Amanda Moura do Rosário ',NULL,NULL,NULL,NULL,NULL,NULL,NULL,NULL,NULL,'vmbcamargo@outlook.com','amFjazA1MDY=','2024-09-17'),(122,'Andressa Sartori ',NULL,NULL,NULL,NULL,NULL,NULL,NULL,NULL,NULL,'','','2024-09-17'),(123,'Armando Gonçalves Gallo Filho',NULL,NULL,NULL,NULL,NULL,NULL,NULL,NULL,NULL,'','','2024-09-17'),(124,'Beatriz de Almeida da Silva',NULL,NULL,NULL,NULL,NULL,NULL,NULL,NULL,NULL,'','','2024-09-17'),(125,'Beatriz Freitas Melo',NULL,NULL,NULL,NULL,NULL,NULL,NULL,NULL,NULL,'','','2024-09-17'),(126,'Beatriz Miotto',NULL,NULL,NULL,NULL,NULL,NULL,NULL,NULL,NULL,'','','2024-09-17'),(127,'Bianca Fernanda Rodrigues da Silva ',NULL,NULL,NULL,NULL,NULL,NULL,NULL,NULL,NULL,'','','2024-09-17'),(129,'Bruna Santos Fortunato',NULL,NULL,NULL,NULL,NULL,NULL,NULL,NULL,NULL,'','','2024-09-17'),(130,'Camila da Silva',NULL,NULL,NULL,NULL,NULL,NULL,NULL,NULL,NULL,'','','2024-09-17'),(132,'Carolina Camacho R Lima',NULL,NULL,NULL,NULL,NULL,NULL,NULL,NULL,NULL,'','','2024-09-17'),(133,'Catherine Wesselka Garcia Osvaldo ',NULL,NULL,NULL,NULL,NULL,NULL,NULL,NULL,NULL,'','','2024-09-17'),(134,'Chloe Barbosa',NULL,NULL,NULL,NULL,NULL,NULL,NULL,NULL,NULL,'','','2024-09-17'),(135,'Clara Margaret Marques Nerney',NULL,NULL,NULL,NULL,NULL,NULL,NULL,NULL,NULL,'','','2024-09-17'),(136,'Daniela Sayuri Kameyama ',NULL,NULL,NULL,NULL,NULL,NULL,NULL,NULL,NULL,'','','2024-09-17'),(137,'Eric Antonio Vieira ',NULL,NULL,NULL,NULL,NULL,NULL,NULL,NULL,NULL,'','','2024-09-17'),(138,'Fernanda da Silva ',NULL,NULL,NULL,NULL,NULL,NULL,NULL,NULL,NULL,'vmbcamargo@outlook.com','','2024-09-17'),(139,'Fernanda Elias',NULL,NULL,NULL,NULL,NULL,NULL,NULL,NULL,NULL,'','','2024-09-17'),(140,'Gabriel Aires de Souza ',NULL,NULL,NULL,NULL,NULL,NULL,NULL,NULL,NULL,'','','2024-09-17'),(141,'Gabrielly Nicoli da Silva Pereira',NULL,NULL,NULL,NULL,NULL,NULL,NULL,NULL,NULL,'','','2024-09-17'),(142,'Geovana Cristina Ribeiro Lima ',NULL,NULL,NULL,NULL,NULL,NULL,NULL,NULL,NULL,'','','2024-09-17'),(144,'Giovanna Siqueira Todero',NULL,NULL,NULL,NULL,NULL,NULL,NULL,NULL,NULL,'','','2024-09-17'),(154,'Isabella Cena Guimarães ',NULL,NULL,NULL,NULL,NULL,NULL,NULL,NULL,NULL,'','','2024-09-17'),(155,'Isabelle Ebener',NULL,NULL,NULL,NULL,NULL,NULL,NULL,NULL,NULL,'','','2024-09-17'),(156,'Jéssica Cristina de Almeida Nunes',NULL,NULL,NULL,NULL,NULL,NULL,NULL,NULL,NULL,'','','2024-09-17'),(157,'Juan Carlos Ramos de Oliveira ',NULL,NULL,NULL,NULL,NULL,NULL,NULL,NULL,NULL,'','','2024-09-17'),(158,'Julia Pascolato Lizzabello ',NULL,NULL,NULL,NULL,NULL,NULL,NULL,NULL,NULL,'','','2024-09-17'),(159,'Lara Luisa Rodrigues ',NULL,NULL,NULL,NULL,NULL,NULL,NULL,NULL,NULL,'','','2024-09-17'),(160,'Laríssa Santos de Oliveira ',NULL,NULL,NULL,NULL,NULL,NULL,NULL,NULL,NULL,'','','2024-09-17'),(161,'Larissa Zacari Alvarenga',NULL,NULL,NULL,NULL,NULL,NULL,NULL,NULL,NULL,'','','2024-09-17'),(162,'Laura Fernandes Estanislau ',NULL,NULL,NULL,NULL,NULL,NULL,NULL,NULL,NULL,'','','2024-09-17'),(163,'Leila dos Santos Araújo',NULL,NULL,NULL,NULL,NULL,NULL,NULL,NULL,NULL,'','','2024-09-17'),(164,'Leticia Fernanda Gazziro ',NULL,NULL,NULL,NULL,NULL,NULL,NULL,NULL,NULL,'','','2024-09-17'),(165,'Loise Martins Moreira',NULL,NULL,NULL,NULL,NULL,NULL,NULL,NULL,NULL,'','','2024-09-17'),(166,'Luana Silva Sales ',NULL,NULL,NULL,NULL,NULL,NULL,NULL,NULL,NULL,'','','2024-09-17'),(167,'Lucas Sobrinho Lemos',NULL,NULL,NULL,NULL,NULL,NULL,NULL,NULL,NULL,'','','2024-09-17'),(168,'Luisa Ranzani',NULL,NULL,NULL,NULL,NULL,NULL,NULL,NULL,NULL,'','','2024-09-17'),(169,'Marcos Vinicius Antonio Faria ',NULL,NULL,NULL,NULL,NULL,NULL,NULL,NULL,NULL,'','','2024-09-17'),(170,'Maria Beatriz Fernandes ',NULL,NULL,NULL,NULL,NULL,NULL,NULL,NULL,NULL,'','','2024-09-17'),(171,'Mariana Vitamé Kausno',NULL,NULL,NULL,NULL,NULL,NULL,NULL,NULL,NULL,'','','2024-09-17'),(172,'Marina dos Santos Palharin',NULL,NULL,NULL,NULL,NULL,NULL,NULL,NULL,NULL,'','','2024-09-17'),(173,'Marina Raspante de Oliveira Ferreira',NULL,NULL,NULL,NULL,NULL,NULL,NULL,NULL,NULL,'','','2024-09-17'),(174,'Milena Souza Almeida ',NULL,NULL,NULL,NULL,NULL,NULL,NULL,NULL,NULL,'','','2024-09-17'),(175,'Natalia Gabriela Lopes Vargas',NULL,NULL,NULL,NULL,NULL,NULL,NULL,NULL,NULL,'','','2024-09-17'),(176,'Nayara Orestes Marcelo',NULL,NULL,NULL,NULL,NULL,NULL,NULL,NULL,NULL,'','','2024-09-17'),(177,'Nícolas Gabriel Gil Rodrigues',NULL,NULL,NULL,NULL,NULL,NULL,NULL,NULL,NULL,'','','2024-09-17'),(178,'Nicolle Peres Souza',NULL,NULL,NULL,NULL,NULL,NULL,NULL,NULL,NULL,'','','2024-09-17'),(179,'Nicolly Bianca Pinto Oliveira',NULL,NULL,NULL,NULL,NULL,NULL,NULL,NULL,NULL,'','','2024-09-17'),(180,'Pamela de Souza Silva',NULL,NULL,NULL,NULL,NULL,NULL,NULL,NULL,NULL,'','','2024-09-17'),(181,'Rafael Marques',NULL,NULL,NULL,NULL,NULL,NULL,NULL,NULL,NULL,'','','2024-09-17'),(182,'Rafaela Hemily Cirilo',NULL,NULL,NULL,NULL,NULL,NULL,NULL,NULL,NULL,'','','2024-09-17'),(183,'Raffael Felipe de Souza Moreira ',NULL,NULL,NULL,NULL,NULL,NULL,NULL,NULL,NULL,'','','2024-09-17'),(184,'Tais da Silva Santos ',NULL,NULL,NULL,NULL,NULL,NULL,NULL,NULL,NULL,'','','2024-09-17'),(185,'Thays Barros de Gois',NULL,NULL,NULL,NULL,NULL,NULL,NULL,NULL,NULL,'','','2024-09-17'),(186,'Túlio Augusto de Oliveira ',NULL,NULL,NULL,NULL,NULL,NULL,NULL,NULL,NULL,'','','2024-09-17'),(187,'Vinícius Melloni Zúculo ',NULL,NULL,NULL,NULL,NULL,NULL,NULL,NULL,NULL,'','','2024-09-17'),(188,'Vitoria Gabrielle Piscelli Soares ',NULL,NULL,NULL,NULL,NULL,NULL,NULL,NULL,NULL,'','','2024-09-17'),(189,'Vitória Naomi Simões Masuda ',NULL,NULL,NULL,NULL,NULL,NULL,NULL,NULL,NULL,'','','2024-09-17'),(190,'Yane dos Santos Araujo ',NULL,NULL,NULL,NULL,NULL,NULL,NULL,NULL,NULL,'','','2024-09-17'),(191,'Camila Fumes',NULL,NULL,NULL,NULL,NULL,NULL,NULL,NULL,NULL,'','','2024-09-17'),(193,'Darcila de Fatima Bozoni	',NULL,NULL,NULL,NULL,NULL,NULL,NULL,NULL,NULL,'','','2024-09-17'),(194,'Maria Eliza Antunes',NULL,NULL,NULL,NULL,NULL,NULL,NULL,NULL,NULL,'','','2024-09-17'),(195,'Juliana Ramos',NULL,NULL,NULL,NULL,NULL,NULL,NULL,NULL,NULL,'','','2024-09-17'),(197,'Thiago Cobra e Monteiro',NULL,NULL,NULL,NULL,NULL,NULL,NULL,NULL,NULL,'','','2024-09-17'),(198,'Ana Elisa Valencise Quaglio',NULL,NULL,NULL,NULL,NULL,NULL,NULL,NULL,NULL,'','','2024-09-17'),(199,'Gerson Santos de Almeida',NULL,NULL,NULL,NULL,NULL,NULL,NULL,NULL,NULL,'','','2024-09-17'),(200,'Amanda Reis ',NULL,NULL,NULL,NULL,NULL,NULL,NULL,NULL,NULL,'','','2024-09-17'),(201,'Ícaro Scalisse de Freitas Santos',NULL,NULL,NULL,NULL,NULL,NULL,NULL,NULL,NULL,'','','2024-09-17'),(202,'Alison de Jesus Pereira Vieira ',NULL,NULL,NULL,NULL,NULL,NULL,NULL,NULL,NULL,'','','2024-09-17'),(203,'Guilherme Almeida de Barros Lima ',NULL,NULL,NULL,NULL,NULL,NULL,NULL,NULL,NULL,'','','2024-09-17'),(204,'Pedro de Almeida Colletes ',NULL,NULL,NULL,NULL,NULL,NULL,NULL,NULL,NULL,'','','2024-09-17'),(205,'Jhenifer Maiane Conceição da Mota ',NULL,NULL,NULL,NULL,NULL,NULL,NULL,NULL,NULL,'','','2024-09-17'),(206,'Mariana Souza Santos',NULL,NULL,NULL,NULL,NULL,NULL,NULL,NULL,NULL,'','','2024-09-18'),(207,'Isabelle Cristina Tiemi Ichi',NULL,NULL,NULL,NULL,NULL,NULL,NULL,NULL,NULL,'','','2024-09-18'),(208,'Melissa Almeida Lima ',NULL,NULL,NULL,NULL,NULL,NULL,NULL,NULL,NULL,'','','2024-09-18'),(209,'Bárbara Gasparini Bernardes',NULL,NULL,NULL,NULL,NULL,NULL,NULL,NULL,NULL,'barbaragbernardes@gmail.com','','2024-09-18'),(210,'Camilla Nagasawa Maitland',NULL,NULL,NULL,NULL,NULL,NULL,NULL,NULL,NULL,'camilla.maitland@gmail.com','','2024-09-18'),(211,'Elton dos Santos Freitas',NULL,NULL,NULL,NULL,NULL,NULL,NULL,NULL,NULL,'','','2025-05-13'),(213,'Nayana do Valle Saldivar',NULL,NULL,NULL,NULL,NULL,NULL,NULL,NULL,NULL,'','','2025-05-13'),(214,'Jefferson Fogaça Tomacheski',NULL,NULL,NULL,NULL,NULL,NULL,NULL,NULL,NULL,'','','2025-05-13'),(215,'Ana Laura Tironi de Castilho',NULL,NULL,NULL,NULL,NULL,NULL,NULL,NULL,NULL,'','','2025-05-13'),(216,'Mirian Carolini Esgoti Aal',NULL,NULL,NULL,NULL,NULL,NULL,NULL,NULL,NULL,'mirian.aal@unesp.br','bWlyaWFuLmFhbEB1bmVzcC5icg==','2025-05-13'),(217,'Leticia Mendes Borges dos Santos',NULL,NULL,NULL,NULL,NULL,NULL,NULL,NULL,NULL,'','','2025-05-13'),(219,'Gabriel Bossolani da Guarda',NULL,NULL,NULL,NULL,NULL,NULL,NULL,NULL,NULL,'','','2025-05-13'),(220,'Flavia Alessandra Maciel',NULL,NULL,NULL,NULL,NULL,NULL,NULL,NULL,NULL,'','','2025-05-13'),(221,'Maria Clara de Oliveira Duarte',NULL,NULL,NULL,NULL,NULL,NULL,NULL,NULL,NULL,'','','2025-05-13'),(222,'Raffael Greggio Willmann',NULL,NULL,NULL,NULL,NULL,NULL,NULL,NULL,NULL,'','','2025-05-13'),(223,'Isabela Garcia Machi',NULL,NULL,NULL,NULL,NULL,NULL,NULL,NULL,NULL,'','','2025-05-13'),(224,'Roberto da Silva Dourado Junior',NULL,NULL,NULL,NULL,NULL,NULL,NULL,NULL,NULL,'','','2025-05-13'),(225,'Tulio Guilherme Soares Marques',NULL,NULL,NULL,NULL,NULL,NULL,NULL,NULL,NULL,'','','2025-05-13'),(226,'Milena Cremer de Souza',NULL,NULL,NULL,NULL,NULL,NULL,NULL,NULL,NULL,'','','2025-05-13'),(228,'Lázaro Wender Oliveira de Jesus',NULL,NULL,NULL,NULL,NULL,NULL,NULL,NULL,NULL,'','','2025-05-14'),(229,'Matheus Naia Fioretto ',NULL,NULL,NULL,NULL,NULL,NULL,NULL,NULL,NULL,'','','2025-05-14'),(230,'Pedro Padilha',NULL,NULL,NULL,NULL,NULL,NULL,NULL,NULL,NULL,'','','2025-05-14'),(231,'Willian Fernando Zambuzzi',NULL,NULL,NULL,NULL,NULL,NULL,NULL,NULL,NULL,'','','2025-05-14'),(232,'Ana Carolina Casali Reis',NULL,NULL,NULL,NULL,NULL,NULL,NULL,NULL,NULL,'','','2025-05-14'),(233,'Luiz Antonio Lupi Júnior',NULL,NULL,NULL,NULL,NULL,NULL,NULL,NULL,NULL,'','','2025-05-14'),(234,'Rafael Guilen de Oliveira',NULL,NULL,NULL,NULL,NULL,NULL,NULL,NULL,NULL,'','','2025-05-14'),(235,'Robson Francisco Carvalho',NULL,NULL,NULL,NULL,NULL,NULL,NULL,NULL,NULL,'','','2025-05-14'),(236,'Marcel Rodrigues Ferreira',NULL,NULL,NULL,NULL,NULL,NULL,NULL,NULL,NULL,'','','2025-05-19'),(237,'Flávia Karina Delella',NULL,NULL,NULL,NULL,NULL,NULL,NULL,NULL,NULL,'','','2025-05-19'),(238,'Arthur Alves Sartori',NULL,NULL,NULL,NULL,NULL,NULL,NULL,NULL,NULL,'','','2025-05-19'),(239,'Maeli Dal Pai',NULL,NULL,NULL,NULL,NULL,NULL,NULL,NULL,NULL,'','','2025-05-19'),(240,'Rafael Henrique Nóbrega',NULL,NULL,NULL,NULL,NULL,NULL,NULL,NULL,NULL,'','','2025-05-19'),(241,'Wellerson Rodrigo Scarano',NULL,NULL,NULL,NULL,NULL,NULL,NULL,NULL,NULL,'','','2025-05-19'),(242,'Francisco Eduardo Martinez',NULL,NULL,NULL,NULL,NULL,NULL,NULL,NULL,NULL,'','','2025-05-19'),(243,'Priscila Nunes',NULL,NULL,NULL,NULL,NULL,NULL,NULL,NULL,NULL,'','','2025-05-19'),(244,'Clelia Akiko Himura Lima',NULL,NULL,NULL,NULL,NULL,NULL,NULL,NULL,NULL,'','','2025-05-19'),(245,'Luis Fernando Barbisan ',NULL,NULL,NULL,NULL,NULL,NULL,NULL,NULL,NULL,'','','2025-05-19'),(247,'Luis Antonio Justulin Junior',NULL,NULL,NULL,NULL,NULL,NULL,NULL,NULL,NULL,'','','2025-06-10');
/*!40000 ALTER TABLE `usuario` ENABLE KEYS */;

--
-- Table structure for table `usuario_grupo`
--

DROP TABLE IF EXISTS `usuario_grupo`;
/*!40101 SET @saved_cs_client     = @@character_set_client */;
/*!50503 SET character_set_client = utf8mb4 */;
CREATE TABLE `usuario_grupo` (
  `id` int NOT NULL AUTO_INCREMENT,
  `cod_usuario` int NOT NULL,
  `cod_grupo` int NOT NULL,
  PRIMARY KEY (`id`)
) ENGINE=InnoDB AUTO_INCREMENT=430 DEFAULT CHARSET=utf8mb3 COLLATE=utf8mb3_swedish_ci;
/*!40101 SET character_set_client = @saved_cs_client */;

--
-- Dumping data for table `usuario_grupo`
--

/*!40000 ALTER TABLE `usuario_grupo` DISABLE KEYS */;
INSERT INTO `usuario_grupo` VALUES (21,15,1),(27,21,1),(28,22,1),(30,2,1),(37,28,1),(39,30,1),(43,34,1),(51,42,1),(55,45,1),(60,50,1),(63,53,1),(65,55,1),(68,58,1),(69,59,1),(71,61,1),(73,63,1),(78,68,1),(80,70,1),(81,71,1),(82,72,1),(83,73,1),(84,74,1),(85,75,1),(86,76,1),(87,77,1),(88,78,1),(89,79,1),(90,80,1),(91,81,1),(99,83,2),(100,84,2),(101,85,2),(103,87,2),(105,89,2),(108,92,2),(111,95,2),(112,96,2),(115,99,2),(116,100,2),(118,102,2),(119,103,2),(121,105,2),(123,107,2),(134,5,1),(139,112,1),(141,114,1),(142,115,1),(143,116,1),(144,117,1),(145,118,1),(146,119,1),(149,121,1),(150,122,1),(151,123,1),(152,124,1),(153,125,1),(154,126,1),(156,128,1),(157,129,1),(158,130,1),(159,131,1),(160,132,1),(162,134,1),(163,135,1),(164,136,1),(165,137,1),(166,138,1),(167,139,1),(168,140,1),(169,141,1),(171,143,1),(172,144,1),(173,145,1),(174,146,1),(175,147,1),(176,148,1),(177,149,1),(178,150,1),(179,151,1),(180,152,1),(181,153,1),(182,113,1),(184,155,1),(185,156,1),(187,158,1),(188,159,1),(189,160,1),(190,161,1),(191,162,1),(192,163,1),(193,164,1),(195,165,1),(196,166,1),(197,167,1),(198,168,1),(199,169,1),(200,170,1),(201,171,1),(202,172,1),(203,173,1),(204,174,1),(205,175,1),(206,176,1),(207,177,1),(208,178,1),(209,179,1),(210,180,1),(211,181,1),(212,182,1),(213,183,1),(214,184,1),(215,185,1),(216,186,1),(217,187,1),(218,188,1),(219,189,1),(220,190,1),(224,193,2),(225,194,2),(226,195,2),(229,197,2),(230,198,2),(231,199,2),(233,200,1),(234,201,1),(235,202,1),(236,203,1),(237,204,1),(238,205,1),(239,206,1),(240,207,1),(241,208,1),(242,209,1),(243,210,1),(246,9,1),(258,212,1),(267,44,1),(272,10,1),(274,218,1),(275,27,1),(277,16,1),(281,41,1),(284,12,1),(291,127,1),(292,221,1),(293,222,1),(294,25,1),(295,17,1),(296,142,1),(297,29,1),(298,37,1),(299,223,1),(300,67,1),(302,224,1),(303,49,1),(304,47,1),(305,35,1),(306,225,1),(308,51,1),(309,133,1),(310,36,1),(311,60,1),(312,66,1),(313,226,1),(314,64,1),(315,154,1),(316,227,1),(317,39,1),(320,106,2),(324,93,2),(326,86,2),(328,98,2),(329,91,2),(333,108,2),(334,104,2),(335,90,2),(338,82,2),(339,109,2),(340,228,2),(345,94,2),(348,97,2),(349,231,2),(350,191,2),(351,232,2),(352,233,2),(354,235,2),(355,234,2),(356,4,1),(358,120,1),(359,157,1),(360,62,1),(361,23,1),(364,211,1),(365,214,1),(366,48,1),(367,213,1),(368,31,1),(369,11,1),(370,26,1),(371,32,1),(372,7,1),(373,215,1),(377,196,2),(378,236,2),(379,43,1),(380,3,1),(381,216,1),(382,14,1),(383,20,1),(384,237,2),(387,33,1),(388,217,1),(389,46,1),(392,57,1),(393,24,1),(394,56,1),(395,220,1),(396,65,1),(397,18,1),(398,219,1),(399,8,1),(400,6,1),(401,38,1),(402,1,1),(403,69,1),(404,111,2),(405,239,2),(407,101,2),(411,240,2),(412,241,2),(413,192,2),(414,242,2),(415,243,2),(416,244,2),(417,245,2),(418,238,1),(419,19,1),(420,40,1),(421,52,1),(422,54,1),(423,13,1),(424,246,2),(425,88,2),(426,229,2),(427,230,2),(428,110,2),(429,247,2);
/*!40000 ALTER TABLE `usuario_grupo` ENABLE KEYS */;

--
-- Table structure for table `usuario_sala`
--

DROP TABLE IF EXISTS `usuario_sala`;
/*!40101 SET @saved_cs_client     = @@character_set_client */;
/*!50503 SET character_set_client = utf8mb4 */;
CREATE TABLE `usuario_sala` (
  `id` int NOT NULL AUTO_INCREMENT,
  `cod_usuario` int NOT NULL,
  `cod_sala` int NOT NULL,
  PRIMARY KEY (`id`)
) ENGINE=InnoDB AUTO_INCREMENT=543 DEFAULT CHARSET=utf8mb3 COLLATE=utf8mb3_swedish_ci;
/*!40101 SET character_set_client = @saved_cs_client */;

--
-- Dumping data for table `usuario_sala`
--

/*!40000 ALTER TABLE `usuario_sala` DISABLE KEYS */;
INSERT INTO `usuario_sala` VALUES (1,2,1),(15,15,1),(21,21,1),(22,22,1),(28,28,1),(30,30,1),(34,34,1),(42,42,1),(45,45,1),(50,50,1),(53,53,1),(55,55,1),(58,58,1),(59,59,1),(61,61,1),(63,63,1),(68,68,1),(70,70,1),(71,71,1),(73,73,1),(74,74,1),(75,75,1),(76,76,1),(77,77,1),(78,78,1),(79,79,1),(80,80,1),(81,81,1),(89,83,1),(90,84,1),(91,85,1),(93,87,1),(95,89,1),(98,92,1),(101,95,1),(105,99,1),(106,100,1),(108,102,1),(111,105,1),(122,5,1),(130,112,2),(132,114,2),(133,115,2),(134,116,2),(135,117,2),(136,118,2),(137,119,2),(139,121,2),(140,122,2),(141,123,2),(142,124,2),(143,125,2),(144,126,2),(147,129,2),(148,130,2),(150,132,2),(152,134,2),(153,135,2),(154,136,2),(155,137,2),(156,138,2),(157,139,2),(158,140,2),(159,141,2),(162,144,2),(172,113,2),(173,113,1),(175,155,2),(176,156,2),(178,158,2),(179,159,2),(180,160,2),(181,161,2),(182,162,2),(183,163,2),(184,164,2),(185,165,2),(186,166,2),(187,167,2),(188,168,2),(189,169,2),(190,170,2),(191,171,2),(192,172,2),(193,173,2),(194,174,2),(195,175,2),(196,176,2),(197,177,2),(198,178,2),(199,179,2),(200,180,2),(201,181,2),(202,182,2),(203,183,2),(204,184,2),(205,185,2),(206,186,2),(207,187,2),(208,188,2),(209,189,2),(210,190,2),(215,193,2),(216,194,2),(217,195,2),(220,197,2),(221,199,2),(224,200,2),(225,201,2),(226,202,2),(227,203,2),(228,204,2),(229,205,2),(230,206,2),(231,207,2),(232,208,2),(233,209,2),(234,210,2),(240,9,2),(241,9,3),(242,9,1),(279,44,3),(280,44,1),(287,10,3),(288,10,1),(292,27,3),(293,27,1),(296,16,3),(297,16,1),(304,41,3),(305,41,1),(309,12,3),(310,12,1),(322,127,2),(323,127,3),(324,221,3),(325,222,3),(326,25,3),(327,25,1),(328,17,3),(329,17,1),(330,142,2),(331,142,3),(332,29,3),(333,29,1),(334,37,3),(335,37,1),(336,223,3),(337,67,3),(338,67,1),(341,224,3),(342,49,3),(343,49,1),(344,47,3),(345,47,1),(346,35,3),(347,35,1),(348,225,3),(351,51,3),(352,51,1),(353,133,2),(354,133,3),(355,36,3),(356,36,1),(357,60,3),(358,60,1),(359,66,3),(360,66,1),(361,226,3),(362,64,3),(363,64,1),(364,154,2),(365,154,3),(367,39,3),(368,39,1),(373,106,3),(374,106,1),(380,93,3),(381,93,1),(384,86,3),(385,86,1),(388,98,3),(389,98,1),(390,91,3),(391,91,1),(398,108,3),(399,108,1),(400,104,3),(401,104,1),(402,90,3),(403,90,1),(408,82,3),(409,82,1),(412,228,3),(419,94,3),(420,94,1),(426,231,3),(427,191,2),(428,191,3),(429,232,3),(430,233,3),(432,235,3),(433,234,3),(434,4,3),(435,4,1),(438,120,2),(439,120,3),(440,157,2),(441,157,3),(442,62,3),(443,62,1),(444,23,3),(445,23,1),(448,211,3),(449,214,3),(450,48,3),(451,48,1),(452,213,3),(453,31,3),(454,31,1),(455,11,3),(456,11,1),(457,26,3),(458,26,1),(459,32,3),(460,32,1),(461,7,3),(462,7,1),(463,215,3),(469,236,3),(470,43,3),(471,43,1),(472,3,3),(473,3,1),(474,216,3),(475,14,3),(476,14,1),(477,20,3),(478,20,1),(479,237,3),(483,33,3),(484,33,1),(485,217,3),(486,46,3),(487,46,1),(490,57,3),(491,57,1),(492,24,3),(493,24,1),(494,56,3),(495,56,1),(496,220,3),(497,65,3),(498,65,1),(499,18,3),(500,18,1),(501,219,3),(502,8,3),(503,8,1),(504,6,3),(505,6,1),(506,38,2),(507,38,3),(508,38,1),(509,1,2),(510,1,3),(511,1,1),(512,69,1),(515,239,3),(523,240,3),(524,241,3),(527,242,3),(528,243,3),(529,244,3),(530,245,3),(531,19,1),(532,40,1),(533,52,1),(534,54,1),(535,13,1),(537,88,1),(538,229,3),(541,247,3),(542,247,1);
/*!40000 ALTER TABLE `usuario_sala` ENABLE KEYS */;

--
-- Table structure for table `usuario_sala_disciplina`
--

DROP TABLE IF EXISTS `usuario_sala_disciplina`;
/*!40101 SET @saved_cs_client     = @@character_set_client */;
/*!50503 SET character_set_client = utf8mb4 */;
CREATE TABLE `usuario_sala_disciplina` (
  `id` int NOT NULL AUTO_INCREMENT,
  `cod_usuario` int NOT NULL,
  `cod_sala` int NOT NULL,
  `cod_disciplina` int NOT NULL,
  PRIMARY KEY (`id`)
) ENGINE=InnoDB AUTO_INCREMENT=817 DEFAULT CHARSET=utf8mb3 COLLATE=utf8mb3_swedish_ci;
/*!40101 SET character_set_client = @saved_cs_client */;

--
-- Dumping data for table `usuario_sala_disciplina`
--

/*!40000 ALTER TABLE `usuario_sala_disciplina` DISABLE KEYS */;
INSERT INTO `usuario_sala_disciplina` VALUES (33,15,1,1),(34,15,1,2),(45,21,1,1),(46,21,1,2),(47,22,1,1),(48,22,1,2),(51,2,1,1),(52,2,1,2),(65,28,1,1),(66,28,1,2),(69,30,1,1),(70,30,1,2),(77,34,1,1),(78,34,1,2),(93,42,1,1),(94,42,1,2),(99,45,1,1),(100,45,1,2),(109,50,1,1),(110,50,1,2),(115,53,1,1),(116,53,1,2),(119,55,1,1),(120,55,1,2),(125,58,1,1),(126,58,1,2),(127,59,1,1),(128,59,1,2),(131,61,1,1),(132,61,1,2),(135,63,1,1),(136,63,1,2),(145,68,1,1),(146,68,1,2),(149,70,1,2),(150,71,1,2),(152,73,1,2),(153,74,1,2),(154,75,1,2),(155,76,1,2),(156,77,1,2),(157,78,1,2),(158,79,1,2),(159,80,1,2),(160,81,1,2),(179,82,1,4),(180,83,1,4),(181,84,1,4),(182,85,1,4),(183,86,1,4),(184,87,1,4),(185,88,1,4),(186,89,1,4),(187,90,1,4),(189,92,1,4),(190,93,1,4),(191,94,1,4),(192,95,1,4),(195,98,1,4),(196,99,1,4),(197,100,1,4),(199,102,1,4),(201,104,1,4),(202,105,1,4),(211,91,1,4),(212,91,1,3),(213,108,1,4),(214,108,1,3),(215,106,1,4),(216,106,1,3),(219,5,1,1),(220,5,1,2),(235,112,2,3),(237,114,2,3),(238,115,2,3),(239,116,2,3),(240,117,2,3),(241,118,2,3),(242,119,2,3),(244,121,2,2),(245,122,2,2),(246,123,2,2),(247,124,2,2),(248,125,2,2),(249,126,2,2),(252,129,2,2),(253,130,2,2),(255,132,2,2),(257,134,2,2),(258,135,2,2),(259,136,2,2),(260,137,2,2),(261,138,2,2),(262,139,2,2),(263,140,2,2),(264,141,2,2),(267,144,2,2),(277,113,1,2),(278,113,2,3),(280,155,2,2),(281,156,2,2),(283,158,2,2),(284,159,2,2),(285,160,2,2),(286,161,2,2),(287,162,2,2),(288,163,2,2),(289,164,2,2),(290,165,2,2),(291,166,2,2),(292,167,2,2),(293,168,2,2),(294,169,2,2),(295,170,2,2),(296,171,2,2),(297,172,2,2),(298,173,2,2),(299,174,2,2),(300,175,2,2),(301,176,2,2),(302,177,2,2),(303,178,2,2),(304,179,2,2),(305,180,2,2),(306,181,2,2),(307,182,2,2),(308,183,2,2),(309,184,2,2),(310,185,2,2),(311,186,2,2),(312,187,2,2),(313,188,2,2),(314,189,2,2),(315,190,2,2),(320,191,2,5),(322,193,2,5),(323,194,2,5),(324,195,2,5),(330,196,2,5),(331,197,2,5),(332,198,2,5),(333,199,2,5),(339,200,2,2),(340,201,2,2),(341,202,2,2),(342,203,2,2),(343,204,2,2),(344,205,2,2),(345,206,2,2),(346,207,2,2),(347,208,2,2),(348,209,2,2),(349,210,2,2),(363,9,1,1),(364,9,1,2),(365,9,1,3),(366,9,2,3),(367,9,3,1),(368,9,3,2),(369,9,3,3),(447,44,1,1),(448,44,1,2),(449,44,3,1),(450,44,3,2),(464,10,1,1),(465,10,1,2),(466,10,3,1),(467,10,3,2),(474,27,1,1),(475,27,1,2),(476,27,3,1),(477,27,3,2),(482,16,1,1),(483,16,1,2),(484,16,3,1),(485,16,3,2),(498,41,1,1),(499,41,1,2),(500,41,3,1),(501,41,3,2),(508,12,1,1),(509,12,1,2),(510,12,3,1),(511,12,3,2),(535,127,2,2),(536,127,3,1),(537,127,3,2),(538,221,3,1),(539,221,3,2),(540,222,3,1),(541,222,3,2),(542,25,1,1),(543,25,1,2),(544,25,3,1),(545,25,3,2),(546,17,1,1),(547,17,1,2),(548,17,3,1),(549,17,3,2),(550,142,2,2),(551,142,3,1),(552,142,3,2),(553,29,1,1),(554,29,1,2),(555,29,3,1),(556,29,3,2),(557,37,1,1),(558,37,1,2),(559,37,3,1),(560,37,3,2),(561,223,3,1),(562,223,3,2),(563,67,1,1),(564,67,1,2),(565,67,3,1),(566,67,3,2),(571,224,3,1),(572,224,3,2),(573,49,1,1),(574,49,1,2),(575,49,3,1),(576,49,3,2),(577,47,1,1),(578,47,1,2),(579,47,3,1),(580,47,3,2),(581,35,1,1),(582,35,1,2),(583,35,3,1),(584,35,3,2),(585,35,3,3),(586,225,3,1),(587,225,3,2),(593,51,1,1),(594,51,1,2),(595,51,3,1),(596,51,3,2),(597,133,2,2),(598,133,3,1),(599,133,3,2),(600,36,1,1),(601,36,1,2),(602,36,3,1),(603,36,3,2),(604,60,1,1),(605,60,1,2),(606,60,3,1),(607,60,3,2),(608,66,1,1),(609,66,1,2),(610,66,3,1),(611,66,3,2),(612,226,3,1),(613,226,3,2),(614,64,1,1),(615,64,1,2),(616,64,3,1),(617,64,3,2),(618,154,2,2),(619,154,3,1),(620,154,3,2),(623,39,1,1),(624,39,1,2),(625,39,3,1),(626,39,3,2),(630,228,3,4),(631,229,3,4),(632,230,3,4),(633,231,3,4),(634,232,3,5),(635,233,3,5),(636,234,3,5),(637,235,3,5),(638,4,1,1),(639,4,1,2),(640,4,3,1),(641,4,3,2),(645,120,2,2),(646,120,3,1),(647,120,3,2),(648,157,2,2),(649,157,3,1),(650,157,3,2),(651,62,1,1),(652,62,1,2),(653,62,3,1),(654,62,3,2),(655,23,1,1),(656,23,1,2),(657,23,3,1),(658,23,3,2),(663,211,3,1),(664,211,3,2),(665,214,3,1),(666,214,3,2),(667,48,1,1),(668,48,1,2),(669,48,3,1),(670,48,3,2),(671,213,3,1),(672,213,3,2),(673,31,1,1),(674,31,1,2),(675,31,3,1),(676,31,3,2),(677,11,1,1),(678,11,1,2),(679,11,3,1),(680,11,3,2),(681,26,1,1),(682,26,1,2),(683,26,1,3),(684,26,3,1),(685,26,3,2),(686,26,3,3),(687,32,1,1),(688,32,1,2),(689,32,3,1),(690,32,3,2),(691,7,1,1),(692,7,1,2),(693,7,3,1),(694,7,3,2),(695,7,3,3),(696,215,3,1),(697,215,3,2),(702,236,3,4),(703,43,1,1),(704,43,1,2),(705,43,3,1),(706,43,3,2),(707,3,1,1),(708,3,1,2),(709,3,3,1),(710,3,3,2),(711,216,3,1),(712,216,3,2),(713,216,3,3),(714,14,1,1),(715,14,1,2),(716,14,3,1),(717,14,3,2),(718,20,1,1),(719,20,1,2),(720,20,3,1),(721,20,3,2),(722,237,3,3),(723,237,3,4),(730,33,1,1),(731,33,1,2),(732,33,3,1),(733,33,3,2),(734,217,3,1),(735,217,3,2),(736,46,1,1),(737,46,1,2),(738,46,3,1),(739,46,3,2),(744,57,1,1),(745,57,1,2),(746,57,3,1),(747,57,3,2),(748,24,1,1),(749,24,1,2),(750,24,3,1),(751,24,3,2),(752,56,1,1),(753,56,1,2),(754,56,3,1),(755,56,3,2),(756,220,3,1),(757,220,3,2),(758,65,1,1),(759,65,1,2),(760,65,3,1),(761,65,3,2),(762,18,1,1),(763,18,1,2),(764,18,3,1),(765,18,3,2),(766,219,3,1),(767,219,3,2),(768,8,1,1),(769,8,1,2),(770,8,3,1),(771,8,3,2),(772,6,1,1),(773,6,1,2),(774,6,3,1),(775,6,3,2),(776,38,1,1),(777,38,1,2),(778,38,1,3),(779,38,2,3),(780,38,2,5),(781,38,3,1),(782,38,3,2),(783,38,3,3),(784,1,1,1),(785,1,1,2),(786,1,1,3),(787,1,2,3),(788,1,2,5),(789,1,3,1),(790,1,3,2),(791,1,3,3),(792,69,1,1),(793,69,1,2),(794,239,3,3),(795,239,3,4),(796,240,3,4),(797,241,3,4),(798,242,3,4),(799,243,3,4),(800,244,3,4),(801,245,3,4),(802,19,1,1),(803,19,1,2),(804,40,1,1),(805,40,1,2),(806,52,1,1),(807,52,1,2),(808,54,1,1),(809,54,1,2),(810,13,1,1),(811,13,1,2),(813,247,1,3),(814,247,3,3),(815,247,3,4),(816,1,4,1);
/*!40000 ALTER TABLE `usuario_sala_disciplina` ENABLE KEYS */;

--
-- Dumping routines for database 'gestoredu_bga'
--
/*!40103 SET TIME_ZONE=@OLD_TIME_ZONE */;

/*!40101 SET SQL_MODE=@OLD_SQL_MODE */;
/*!40014 SET FOREIGN_KEY_CHECKS=@OLD_FOREIGN_KEY_CHECKS */;
/*!40014 SET UNIQUE_CHECKS=@OLD_UNIQUE_CHECKS */;
/*!40101 SET CHARACTER_SET_CLIENT=@OLD_CHARACTER_SET_CLIENT */;
/*!40101 SET CHARACTER_SET_RESULTS=@OLD_CHARACTER_SET_RESULTS */;
/*!40101 SET COLLATION_CONNECTION=@OLD_COLLATION_CONNECTION */;
/*!40111 SET SQL_NOTES=@OLD_SQL_NOTES */;

-- Dump completed on 2025-07-04 16:24:34
